policy,seed,score,idle,floor_violations,missed,beat_all_bots,neighbors_score,lsw_total
Guarded Kelly,5001,18.3735,6,3,0,True,36.8484,-208.04187100000001
Guarded Kelly,5002,16.7391,5,0,0,True,39.339600000000004,-178.551331
Guarded Kelly,5003,15.3763,4,0,0,True,39.3289,-200.817732
Guarded Kelly,5004,17.5766,4,0,0,True,38.844899999999996,-182.448977
Guarded Kelly,5005,14.4937,3,0,0,True,38.0127,-233.44187300000002
Guarded Kelly,5006,19.1094,4,0,0,True,38.2191,-175.266358
Guarded Kelly,5007,17.1348,5,0,0,True,37.3662,-203.369166
Guarded Kelly,5008,14.2842,4,0,0,True,39.2196,-210.66843599999999
Guarded Kelly,5009,20.0437,4,2,0,True,37.170100000000005,-198.808873
Guarded Kelly,5010,16.3297,3,0,0,True,40.5837,-211.637669
Guarded Kelly,5011,18.5067,8,0,0,True,37.5195,-197.817805
Guarded Kelly,5012,19.5422,5,0,0,True,37.1235,-171.56893
Guarded Kelly,5013,18.2671,6,2,0,True,35.7876,-196.39058
Guarded Kelly,5014,16.2317,7,1,0,True,35.574,-240.790829
Guarded Kelly,5015,14.4687,3,0,0,True,37.9016,-237.490412
Guarded Kelly,5016,14.4176,3,0,0,True,40.5411,-224.485832
Guarded Kelly,5017,20.0489,5,0,0,True,37.7223,-166.287222
Guarded Kelly,5018,20.2215,4,0,0,True,37.6352,-181.974962
Guarded Kelly,5019,15.656,4,3,0,True,38.8641,-208.53065
Guarded Kelly,5020,18.4168,4,1,0,True,36.8333,-187.533411
Guarded Kelly,5021,15.8607,5,0,0,True,38.7857,-182.696469
Guarded Kelly,5022,15.7945,3,4,0,True,37.059799999999996,-226.605862
Guarded Kelly,5023,19.7688,4,0,0,True,38.9482,-166.320142
Guarded Kelly,5024,17.8464,4,0,0,True,37.8236,-194.184188
Guarded Kelly,5025,17.0888,4,0,0,True,38.858,-189.914568
Guarded Kelly,5026,17.8323,6,0,0,True,37.5587,-187.768011
Guarded Kelly,5027,18.9027,4,0,0,True,39.4458,-177.777127
Guarded Kelly,5028,19.4209,4,0,0,True,38.284800000000004,-171.948882
Guarded Kelly,5029,17.7479,3,0,0,True,37.0826,-224.465651
Guarded Kelly,5030,19.3733,5,6,0,True,35.1809,-210.034978
Guarded Kelly,5031,16.1115,6,0,0,True,40.926,-189.867686
Guarded Kelly,5032,17.2541,3,0,0,True,38.181,-220.160158
Guarded Kelly,5033,16.2284,3,2,0,True,38.8827,-218.168802
Guarded Kelly,5034,15.5232,4,0,0,True,39.4279,-221.109303
Guarded Kelly,5035,15.6892,6,1,0,True,37.6393,-210.515471
Guarded Kelly,5036,18.1739,5,3,0,True,34.4483,-212.232078
Guarded Kelly,5037,18.8083,4,0,0,True,38.5183,-196.947417
Guarded Kelly,5038,18.0822,7,0,0,True,39.7615,-199.38567
Guarded Kelly,5039,15.1774,4,3,0,True,36.5735,-224.972116
Guarded Kelly,5040,17.1831,8,0,0,True,39.1063,-190.931951
Guarded Kelly,5041,14.337,5,1,0,False,39.3773,-194.022662
Guarded Kelly,5042,18.1892,5,1,0,True,37.926,-207.784711
Guarded Kelly,5043,16.4756,4,0,0,True,39.7266,-199.671257
Guarded Kelly,5044,14.812,4,0,0,True,40.3108,-210.22098
Guarded Kelly,5045,17.0282,3,0,0,True,40.8542,-196.727205
Guarded Kelly,5046,17.6617,6,0,0,True,37.218,-191.307416
Guarded Kelly,5047,18.2786,5,0,0,True,37.584,-202.568118
Guarded Kelly,5048,15.856,3,0,0,True,41.0712,-210.335364
Guarded Kelly,5049,18.9559,4,0,0,True,38.0247,-180.639941
Guarded Kelly,5050,17.3822,4,0,0,True,36.7603,-205.55647199999999
Guarded Kelly,5051,15.9912,5,0,0,False,37.7978,-202.846211
Guarded Kelly,5052,15.9132,4,0,0,True,36.5571,-224.541902
Guarded Kelly,5053,19.065,5,0,0,True,37.6603,-172.630484
Guarded Kelly,5054,16.9495,7,0,0,True,39.7096,-200.680022
Guarded Kelly,5055,16.0428,3,0,0,True,38.287,-214.698892
Guarded Kelly,5056,15.2114,4,0,0,True,41.546,-196.074414
Guarded Kelly,5057,17.4578,5,0,0,True,39.7491,-187.736238
Guarded Kelly,5058,16.3354,4,0,0,True,39.6536,-195.304746
Guarded Kelly,5059,18.401,4,2,0,True,35.7204,-206.828924
Guarded Kelly,5060,16.6096,4,0,0,True,40.9412,-204.735076
Guarded Kelly,5061,17.8738,4,0,0,True,38.917,-211.993305
Guarded Kelly,5062,15.2946,5,2,0,False,37.1828,-214.22816
Guarded Kelly,5063,15.9173,5,0,0,True,39.6556,-201.723477
Guarded Kelly,5064,18.5407,5,1,0,True,35.192099999999996,-198.207647
Guarded Kelly,5065,16.899,3,0,0,True,39.147,-219.599314
Guarded Kelly,5066,17.41,5,0,0,True,37.8615,-189.971582
Guarded Kelly,5067,18.3756,4,0,0,True,38.7448,-202.564036
Guarded Kelly,5068,14.4477,3,0,0,True,40.9803,-218.946158
Guarded Kelly,5069,16.9038,4,0,0,True,39.7857,-197.3138
Guarded Kelly,5070,16.0383,4,0,0,True,40.5469,-188.825105
Guarded Kelly,5071,14.384,3,0,0,True,39.3023,-233.285831
Guarded Kelly,5072,18.902,4,0,0,True,38.4546,-189.68224
Guarded Kelly,5073,14.6561,4,2,0,False,39.5618,-214.692935
Guarded Kelly,5074,19.9451,5,0,0,True,37.9838,-184.636971
Guarded Kelly,5075,15.638,3,0,0,True,40.908699999999996,-220.649433
Guarded Kelly,5076,19.4438,5,0,0,True,37.8322,-187.311512
Guarded Kelly,5077,17.5655,3,0,0,True,37.7814,-229.220201
Guarded Kelly,5078,16.0385,5,0,0,True,36.1257,-211.37922
Guarded Kelly,5079,16.2689,3,0,0,True,38.816100000000006,-225.805799
Guarded Kelly,5080,17.9579,3,0,0,True,39.1293,-208.897505
Guarded Kelly,5081,14.5813,5,0,0,True,35.0039,-228.75247
Guarded Kelly,5082,18.2125,5,2,0,True,38.2585,-172.876401
Guarded Kelly,5083,16.186,5,0,0,True,39.4363,-209.941361
Guarded Kelly,5084,16.6758,3,4,0,True,39.5539,-218.691167
Guarded Kelly,5085,16.6985,4,0,0,True,39.1109,-199.588046
Guarded Kelly,5086,16.6936,6,0,0,True,39.427,-181.359684
Guarded Kelly,5087,19.1046,5,0,0,True,37.0765,-177.626215
Guarded Kelly,5088,16.7377,4,0,0,True,35.5139,-220.099942
Guarded Kelly,5089,14.6465,3,0,0,True,37.777699999999996,-238.338786
Guarded Kelly,5090,16.3913,4,0,0,True,38.737700000000004,-197.352433
Guarded Kelly,5091,18.4917,8,0,0,True,37.805499999999995,-204.039925
Guarded Kelly,5092,15.1538,4,0,0,True,39.865899999999996,-216.039167
Guarded Kelly,5093,19.3138,5,0,0,True,37.8036,-179.73608
Guarded Kelly,5094,17.0697,4,0,0,True,39.3648,-193.295833
Guarded Kelly,5095,18.666,6,0,0,True,37.5428,-198.429939
Guarded Kelly,5096,16.1545,3,1,0,True,39.3005,-210.958471
Guarded Kelly,5097,17.5556,5,0,0,True,40.1263,-174.710786
Guarded Kelly,5098,19.7731,4,0,0,True,38.911,-210.229276
Guarded Kelly,5099,17.1684,3,0,0,True,40.8823,-214.589728
Guarded Kelly,5100,18.4656,3,3,0,True,38.182,-213.170615
Lookahead Planner,5001,19.8562,7,0,0,True,36.1215,-204.495161
Lookahead Planner,5002,21.0741,16,2,0,True,36.156,-190.881002
Lookahead Planner,5003,17.751,9,0,0,True,37.9405,-203.129907
Lookahead Planner,5004,18.6998,9,1,0,True,38.8562,-187.497682
Lookahead Planner,5005,15.4622,7,0,0,True,39.129000000000005,-222.958375
Lookahead Planner,5006,20.1831,7,0,0,True,37.7139,-185.27656
Lookahead Planner,5007,19.8669,15,2,0,True,38.6176,-196.708405
Lookahead Planner,5008,17.353,12,0,0,True,38.2706,-197.433786
Lookahead Planner,5009,21.124,4,0,0,True,36.0856,-199.678597
Lookahead Planner,5010,18.7749,11,2,0,True,39.5319,-214.496949
Lookahead Planner,5011,20.0299,13,3,0,True,36.928200000000004,-204.238773
Lookahead Planner,5012,20.1825,6,0,0,True,36.7822,-180.417882
Lookahead Planner,5013,18.9728,7,0,0,True,35.2266,-209.006579
Lookahead Planner,5014,23.2403,16,0,0,True,31.2453,-241.58123
Lookahead Planner,5015,16.4826,10,3,0,True,37.3178,-235.143514
Lookahead Planner,5016,18.1491,12,0,0,True,38.9998,-219.041126
Lookahead Planner,5017,20.4771,11,0,0,True,38.1373,-169.330438
Lookahead Planner,5018,22.0773,6,0,0,True,35.5702,-192.363868
Lookahead Planner,5019,17.8236,8,0,0,True,37.5874,-199.990202
Lookahead Planner,5020,19.7851,5,0,0,True,35.682700000000004,-192.260747
Lookahead Planner,5021,19.4563,13,0,0,True,37.4483,-184.076492
Lookahead Planner,5022,16.6038,7,2,0,True,38.3715,-215.566011
Lookahead Planner,5023,21.6107,10,0,0,True,37.8412,-167.061572
Lookahead Planner,5024,18.7067,10,0,0,True,37.7656,-199.366092
Lookahead Planner,5025,18.8946,12,1,0,True,38.1066,-192.023584
Lookahead Planner,5026,19.3802,13,2,0,True,37.3998,-196.180513
Lookahead Planner,5027,19.8844,8,0,0,True,39.18,-182.727334
Lookahead Planner,5028,20.4701,4,0,0,True,37.3923,-180.261974
Lookahead Planner,5029,18.9242,5,0,0,True,36.924800000000005,-219.265189
Lookahead Planner,5030,19.6497,5,0,0,True,35.649100000000004,-194.2674
Lookahead Planner,5031,18.0839,14,2,0,True,40.1037,-182.090663
Lookahead Planner,5032,18.5575,5,0,0,True,36.6419,-231.373462
Lookahead Planner,5033,17.4449,6,0,0,True,39.0761,-203.887766
Lookahead Planner,5034,22.4962,15,0,0,True,35.6563,-217.131289
Lookahead Planner,5035,20.6407,15,3,0,True,36.6247,-203.552464
Lookahead Planner,5036,19.6209,7,0,0,True,33.6151,-210.025259
Lookahead Planner,5037,20.606,7,0,0,True,36.6871,-196.764214
Lookahead Planner,5038,19.1335,14,2,0,True,40.6739,-189.851622
Lookahead Planner,5039,17.3021,11,2,0,True,36.764,-203.699702
Lookahead Planner,5040,16.2105,14,2,0,True,41.5343,-175.570743
Lookahead Planner,5041,15.6443,12,0,0,True,40.4613,-180.889817
Lookahead Planner,5042,18.6138,5,0,0,True,38.8268,-188.251343
Lookahead Planner,5043,18.2326,7,0,0,True,39.019999999999996,-186.841574
Lookahead Planner,5044,15.23,9,2,0,True,41.5006,-199.15467999999998
Lookahead Planner,5045,18.6839,11,1,0,True,40.7257,-190.982567
Lookahead Planner,5046,19.3706,8,0,0,True,37.175,-187.885787
Lookahead Planner,5047,19.387,8,0,0,True,36.4443,-207.01832
Lookahead Planner,5048,20.2591,12,0,0,True,38.6876,-207.870091
Lookahead Planner,5049,21.4623,7,0,0,True,35.844300000000004,-188.785076
Lookahead Planner,5050,18.6566,8,0,0,True,35.9416,-210.65174
Lookahead Planner,5051,16.7683,12,3,0,True,39.2393,-194.428882
Lookahead Planner,5052,20.0562,12,2,0,True,34.4178,-225.81264099999999
Lookahead Planner,5053,20.6835,9,0,0,True,36.1626,-185.837379
Lookahead Planner,5054,22.2401,14,0,0,True,36.990300000000005,-207.586687
Lookahead Planner,5055,18.0743,10,0,0,True,37.961200000000005,-205.21237
Lookahead Planner,5056,18.3299,15,0,0,True,41.0264,-183.18599
Lookahead Planner,5057,18.4985,9,0,0,True,39.7438,-178.901803
Lookahead Planner,5058,17.1268,8,4,0,True,39.910799999999995,-196.212849
Lookahead Planner,5059,19.4404,4,0,0,True,35.248599999999996,-199.964535
Lookahead Planner,5060,17.896,6,0,0,True,40.6418,-195.09384599999998
Lookahead Planner,5061,18.5545,8,0,0,True,38.7801,-202.571871
Lookahead Planner,5062,16.8802,13,0,0,True,38.6814,-191.555226
Lookahead Planner,5063,18.7664,12,0,0,True,39.1445,-183.526958
Lookahead Planner,5064,19.936,6,0,0,True,33.5762,-201.27884699999998
Lookahead Planner,5065,18.5204,7,1,0,True,38.5558,-216.63192
Lookahead Planner,5066,19.4882,13,0,0,True,36.786,-196.03916
Lookahead Planner,5067,19.8739,7,0,0,True,37.8137,-202.110209
Lookahead Planner,5068,18.5576,11,0,0,True,38.7097,-214.16862
Lookahead Planner,5069,18.7234,7,2,0,True,38.674099999999996,-188.336794
Lookahead Planner,5070,20.993,16,0,0,True,37.981300000000005,-175.174845
Lookahead Planner,5071,17.3846,12,5,0,True,37.906099999999995,-235.243002
Lookahead Planner,5072,20.1281,5,0,0,True,37.269,-199.56942
Lookahead Planner,5073,17.6575,15,1,0,True,38.7006,-198.363454
Lookahead Planner,5074,20.3393,4,0,0,True,36.5307,-194.362722
Lookahead Planner,5075,17.6857,8,0,0,True,40.3076,-217.611603
Lookahead Planner,5076,20.1975,9,0,0,True,37.301,-187.543927
Lookahead Planner,5077,19.6599,4,0,0,True,35.6397,-232.114533
Lookahead Planner,5078,19.1538,13,0,0,True,35.0239,-215.834679
Lookahead Planner,5079,17.9507,8,0,0,True,38.3018,-224.47585899999999
Lookahead Planner,5080,18.9954,4,0,0,True,38.4183,-209.347465
Lookahead Planner,5081,16.0348,13,0,0,True,36.7405,-200.022124
Lookahead Planner,5082,21.2941,10,0,0,True,35.538799999999995,-186.224784
Lookahead Planner,5083,18.1908,11,0,0,True,39.1662,-192.790494
Lookahead Planner,5084,18.6216,5,0,0,True,39.213,-211.158324
Lookahead Planner,5085,17.5544,10,1,0,True,39.406,-200.468027
Lookahead Planner,5086,19.9895,16,0,0,True,38.2657,-182.646432
Lookahead Planner,5087,21.4013,9,0,0,True,35.716,-179.840325
Lookahead Planner,5088,20.5859,12,1,0,True,33.8665,-216.305327
Lookahead Planner,5089,15.954,9,0,0,True,38.5063,-218.05573
Lookahead Planner,5090,19.0027,8,0,0,True,37.198499999999996,-195.108785
Lookahead Planner,5091,17.9663,13,2,0,True,39.6122,-186.7861
Lookahead Planner,5092,17.9438,9,0,0,True,39.202799999999996,-208.382694
Lookahead Planner,5093,21.114,9,0,0,True,36.319500000000005,-188.184366
Lookahead Planner,5094,18.0761,5,0,0,True,38.6641,-193.934528
Lookahead Planner,5095,19.8461,8,0,0,True,36.278800000000004,-209.590612
Lookahead Planner,5096,17.0517,6,0,0,True,39.5807,-203.938694
Lookahead Planner,5097,21.7531,13,0,0,True,37.1038,-186.583721
Lookahead Planner,5098,20.0444,3,0,0,True,38.3127,-207.427729
Lookahead Planner,5099,18.3064,4,0,0,True,40.1571,-216.55757
Lookahead Planner,5100,19.5523,4,0,0,True,37.518,-209.344958
