seed,lookahead_neighbors_score,lookahead_lsw_total,cycle_aware_neighbors_score,cycle_aware_lsw_total
20001,38.1467,-211.321451,39.567,-212.597604
20002,36.048500000000004,-206.185193,37.1357,-195.062761
20003,36.1199,-215.646504,36.5021,-214.366594
20004,37.6945,-197.591167,38.2389,-195.22878
20005,38.6091,-179.888383,38.3876,-179.949327
20006,36.634299999999996,-191.838002,36.0499,-196.870128
20007,39.4858,-212.532782,39.5403,-213.761241
20008,38.1649,-206.012902,37.9964,-206.924465
20009,37.8204,-199.84538,38.5389,-203.572437
20010,39.876599999999996,-207.277013,38.8358,-207.923591
20011,32.7774,-235.562611,33.1994,-219.51487600000002
20012,40.021100000000004,-206.136695,39.39,-201.50825700000001
20013,37.1563,-193.407709,38.698,-185.644529
20014,38.043,-212.956053,37.7846,-212.240111
20015,39.2174,-213.648126,38.934799999999996,-218.15998
20016,40.2284,-181.381103,39.7185,-184.194415
20017,36.5854,-217.530091,37.389,-208.094075
20018,38.359,-207.088638,37.969300000000004,-207.556459
20019,37.0951,-198.870617,36.9312,-202.991889
20020,37.1747,-186.273165,38.503299999999996,-179.965641
20021,39.611000000000004,-192.344232,37.5355,-184.73933
20022,40.910799999999995,-170.845303,39.8555,-180.226906
20023,39.519,-183.470406,41.3575,-169.834485
20024,37.1858,-183.497447,35.981,-192.142145
20025,36.0079,-200.415527,39.4241,-198.220236
20026,35.0354,-204.30604399999999,34.8991,-201.646047
20027,40.5393,-195.878985,37.2703,-206.386348
20028,39.833600000000004,-188.768157,39.5241,-188.978165
20029,42.0976,-185.744418,42.2498,-182.022075
20030,39.6162,-182.864133,40.0018,-181.798998
20031,39.307199999999995,-206.42364700000002,39.0516,-210.883756
20032,37.193200000000004,-217.90153,37.18,-223.052317
20033,42.0601,-194.213752,36.9077,-210.605333
20034,39.0888,-190.219661,39.1977,-188.001179
20035,38.3969,-179.505445,37.5274,-190.411863
20036,37.2948,-203.698036,35.8061,-209.450792
20037,38.7725,-205.414983,37.213,-208.516538
20038,39.748,-211.703255,38.8896,-212.409726
20039,37.1373,-221.832369,37.3587,-216.526957
20040,37.78,-222.130024,38.048,-218.277592
20041,38.8493,-186.595149,38.792,-187.303349
20042,39.5529,-164.294092,41.2219,-160.585052
20043,36.0343,-212.159823,36.7256,-206.122233
20044,39.1582,-197.115282,39.6835,-199.973988
20045,36.2353,-212.401227,34.8057,-214.845626
20046,36.8595,-215.651993,36.4598,-215.095697
20047,39.1577,-184.993761,38.1571,-181.627758
20048,38.3043,-213.199746,37.613,-211.722707
20049,39.363299999999995,-216.546409,40.2941,-209.352552
20050,38.0573,-207.306583,38.9006,-204.596265
20051,37.8929,-183.063796,39.7715,-178.807402
20052,39.4504,-202.65349,38.4371,-204.588699
20053,39.637,-204.751991,39.8355,-202.976644
20054,35.0396,-199.474856,36.4876,-187.632535
20055,36.2059,-197.95693,35.6668,-193.704621
20056,34.2847,-207.81173,32.998,-209.426745
20057,40.4414,-196.018675,40.1361,-194.771392
20058,40.8511,-185.563599,39.4834,-189.327882
20059,38.1579,-179.025752,39.4012,-170.449423
20060,39.8247,-173.46865400000002,38.637699999999995,-180.674601
20061,39.5156,-181.781918,36.7622,-188.195964
20062,39.3488,-205.652804,37.6765,-203.54606
20063,35.945,-174.351539,35.6911,-175.931106
20064,39.5578,-213.851601,40.216300000000004,-205.93696500000001
20065,39.494,-200.701181,39.798,-197.873397
20066,38.0089,-189.731502,37.9963,-186.491143
20067,37.5877,-193.477707,37.396100000000004,-194.840399
20068,41.5132,-195.318156,40.4809,-196.596034
20069,38.119299999999996,-175.721855,39.4499,-176.198161
20070,36.986000000000004,-220.18726,37.1609,-217.163748
20071,38.7279,-216.613578,34.6976,-229.557608
20072,36.7863,-183.513557,36.2973,-197.264649
20073,39.5984,-181.571066,39.3754,-186.918467
20074,36.2012,-201.23234,39.2205,-178.742427
20075,37.162,-184.991559,36.0199,-189.468577
20076,37.9296,-205.956801,38.2421,-201.724872
20077,39.4867,-190.181027,34.6577,-204.854448
20078,39.053399999999996,-185.117803,38.6886,-188.235279
20079,36.7877,-197.692327,35.4787,-201.95609100000001
20080,40.580799999999996,-186.29324,35.6744,-203.880551
20081,38.193,-186.611742,37.7356,-187.896682
20082,36.322500000000005,-212.44461,37.8186,-211.571991
20083,37.8024,-196.35516,38.7209,-196.26231
20084,36.728,-188.667044,36.7922,-182.596534
20085,40.480599999999995,-171.041219,39.6221,-176.294383
20086,35.3785,-212.898771,35.5278,-200.18069500000001
20087,38.569900000000004,-207.86489,38.7268,-211.848586
20088,35.911,-181.256074,35.9717,-183.334282
20089,38.2675,-212.113287,36.980399999999996,-199.605986
20090,38.1891,-204.23760000000001,37.275999999999996,-215.800818
20091,37.3022,-184.370448,37.1028,-188.129122
20092,40.8311,-192.312005,39.901,-203.457053
20093,38.8649,-203.463988,38.5519,-211.934971
20094,37.063500000000005,-179.610301,37.1468,-183.963192
20095,36.3678,-213.639355,36.3018,-221.610403
20096,37.6515,-190.918517,38.0429,-190.765909
20097,40.1411,-167.594787,40.3668,-167.550249
20098,38.0218,-187.296994,37.1219,-196.248557
20099,37.4327,-228.189666,40.6636,-214.073127
20100,33.7918,-230.758793,35.1755,-220.381595
20101,37.2567,-219.387134,38.7894,-199.858023
20102,39.3886,-214.067613,39.4272,-205.188042
20103,39.0321,-229.951132,37.8124,-219.831669
20104,38.9604,-222.154319,38.5802,-224.318156
20105,36.8738,-178.686061,36.079,-185.215843
20106,36.5982,-189.931866,36.6042,-189.427203
20107,35.6027,-194.001138,35.471000000000004,-198.670463
20108,38.8253,-202.450733,38.9197,-209.429636
20109,36.4345,-195.9351,36.7328,-209.481751
20110,39.351,-204.646197,39.3398,-203.997106
20111,36.7101,-192.605307,39.2228,-185.713124
20112,35.706199999999995,-188.46013,34.6356,-201.36394
20113,34.2841,-208.846805,34.2966,-208.80590899999999
20114,40.093,-200.488075,40.0463,-202.32081
20115,38.6197,-174.390905,37.8422,-176.634712
20116,40.8007,-210.389264,40.8325,-214.59172
20117,40.7498,-205.861267,40.5565,-207.747365
20118,38.3592,-186.489605,39.371700000000004,-189.190035
20119,39.7286,-207.344199,39.8088,-212.178268
20120,40.7382,-199.93434200000002,39.338,-208.173185
20121,37.760000000000005,-192.920969,35.912400000000005,-191.75447
20122,35.838,-235.905255,36.4793,-239.600014
20123,38.1853,-202.831026,38.2194,-202.935634
20124,39.1284,-190.32517,39.2111,-182.586415
20125,36.1702,-174.753733,36.1797,-175.199921
20126,33.9016,-220.963966,36.9671,-203.600654
20127,38.3221,-186.330767,37.658500000000004,-188.820368
20128,40.3059,-211.829867,40.6101,-204.546285
20129,37.29,-194.639961,36.7637,-184.177976
20130,39.3697,-171.778111,36.7033,-189.487202
20131,35.409,-183.904717,36.0232,-176.224477
20132,40.9273,-200.570221,40.9358,-190.69634
20133,39.1522,-207.219963,39.169200000000004,-212.21081900000001
20134,36.9775,-184.337765,36.8823,-181.437029
20135,36.355599999999995,-194.330434,36.5833,-196.894298
20136,38.2064,-201.650729,38.541399999999996,-190.615811
20137,35.504,-196.630401,36.2185,-201.428838
20138,36.7067,-217.955538,37.2142,-222.531898
20139,38.7412,-221.048494,36.7134,-231.613345
20140,39.584,-179.394743,39.6126,-186.424724
20141,37.0217,-179.863555,36.9796,-179.360677
20142,39.5085,-219.758939,41.578199999999995,-203.907355
20143,37.5723,-195.648414,37.3349,-193.767001
20144,36.186,-192.742637,36.2138,-196.553041
20145,35.8557,-188.581732,35.2732,-190.635709
20146,38.169399999999996,-194.296387,37.7497,-195.848291
20147,37.7707,-215.35883,37.4126,-218.99394
20148,34.825,-195.692495,35.259299999999996,-193.44931400000002
20149,36.163199999999996,-203.059398,37.2253,-204.656039
20150,37.2743,-213.310241,37.189099999999996,-215.634047
20151,39.178399999999996,-198.70983,38.0047,-202.777617
20152,31.648000000000003,-258.241397,31.4563,-252.623514
20153,36.3501,-209.840313,37.486,-205.537098
20154,38.0368,-187.771225,38.637100000000004,-185.586515
20155,38.6632,-179.216852,34.8144,-192.995498
20156,38.3321,-188.248866,35.8825,-201.404181
20157,37.7446,-206.79704999999998,36.913399999999996,-213.011497
20158,40.330799999999996,-168.549273,37.5805,-171.94851
20159,37.8649,-183.009885,37.2556,-183.921986
20160,35.9353,-201.302708,36.2206,-191.764257
20161,41.3675,-164.043621,41.2757,-159.264654
20162,38.481899999999996,-182.863251,37.8446,-190.146284
20163,37.2597,-198.74078599999999,38.1802,-202.146949
20164,32.2813,-227.460899,32.948,-224.680314
20165,39.516000000000005,-192.52321,39.5366,-191.713908
20166,31.4522,-232.78744,30.7404,-238.777407
20167,38.4225,-178.350328,38.280699999999996,-179.472472
20168,37.4332,-187.362345,37.9056,-187.69034
20169,36.8574,-183.459895,36.6252,-188.356406
20170,36.1102,-198.03355200000001,35.7544,-201.820863
20171,36.4965,-191.284882,37.4259,-189.885793
20172,38.051,-207.958693,38.6164,-205.212334
20173,39.0048,-187.216425,38.3581,-192.448773
20174,37.8609,-189.585119,39.205200000000005,-179.645263
20175,35.8743,-184.249194,36.234300000000005,-186.346635
20176,37.5634,-200.022591,39.3334,-202.871912
20177,38.3996,-185.756008,37.9663,-182.381204
20178,39.3898,-183.593847,38.0688,-184.561763
20179,39.9952,-194.334477,39.317499999999995,-188.609415
20180,37.3789,-186.375038,37.0251,-194.460503
20181,39.556799999999996,-169.397077,39.6411,-176.53898900000002
20182,40.4912,-199.469016,41.0368,-192.029754
20183,36.6208,-182.816959,36.993700000000004,-182.255512
20184,39.048500000000004,-195.747389,39.2068,-207.861244
20185,40.1207,-194.04607,39.2309,-197.99707
20186,34.932,-215.161357,34.370400000000004,-213.783951
20187,37.059200000000004,-222.874571,36.7369,-222.069819
20188,37.3228,-195.863995,36.9721,-198.049755
20189,37.7775,-180.309699,37.143699999999995,-174.780477
20190,40.2442,-199.742679,40.3899,-196.724144
20191,38.2644,-216.426491,38.2015,-216.313177
20192,37.5922,-180.869195,36.6569,-189.821494
20193,38.3014,-212.086929,37.104,-214.076548
20194,38.3078,-201.617826,40.1804,-194.041618
20195,37.678399999999996,-194.451255,38.1646,-197.425633
20196,37.7207,-209.630086,37.3165,-209.17266
20197,36.6375,-197.610229,37.411,-197.701866
20198,41.426,-200.545871,41.3022,-199.129353
20199,35.167699999999996,-201.524759,35.5945,-198.605872
20200,37.0292,-213.170313,37.0971,-212.739286
20201,35.0407,-214.32256999999998,35.455,-210.541112
20202,39.3463,-206.135155,39.3078,-202.005106
20203,40.0094,-183.445204,37.3937,-192.372802
20204,34.5179,-236.853535,38.322900000000004,-217.864577
20205,37.1299,-195.590912,35.9839,-200.925749
20206,40.5138,-200.180283,40.2869,-200.160683
20207,34.170100000000005,-233.370036,35.9131,-231.374355
20208,38.9944,-208.775034,39.4308,-209.830789
20209,33.0907,-224.949009,34.8605,-214.925942
20210,38.1107,-179.67729,35.5049,-185.283267
20211,38.7123,-202.866732,38.8942,-207.617622
20212,38.2063,-197.233022,37.5541,-195.234595
20213,37.313,-186.602256,35.5725,-190.592222
20214,42.568200000000004,-180.753364,42.488299999999995,-186.125617
20215,36.5839,-224.371848,36.213300000000004,-227.200698
20216,37.8643,-216.109037,36.9335,-211.304349
20217,37.421,-183.471763,37.7393,-182.858089
20218,37.4372,-216.350478,36.9927,-223.818608
20219,40.605199999999996,-178.048867,38.530699999999996,-178.021577
20220,39.348,-184.331326,38.6552,-186.865171
20221,41.4927,-202.848303,41.5454,-195.461642
20222,37.3294,-196.901613,36.1404,-196.13298
20223,39.0698,-208.7697,38.293,-200.028651
20224,40.2475,-201.249271,39.6192,-206.409432
20225,36.4666,-180.691669,36.1132,-190.539135
20226,38.8076,-195.71273,39.817,-192.687259
20227,38.4818,-170.202721,38.2277,-176.512364
20228,37.6578,-185.593478,37.5793,-185.003636
20229,34.431799999999996,-198.588444,37.0747,-186.749131
20230,39.8,-201.041345,38.1536,-205.065225
20231,41.3525,-213.714409,40.5841,-217.002451
20232,32.75,-224.536047,36.656,-206.814348
20233,36.7912,-196.603574,36.865899999999996,-209.050945
20234,39.3302,-184.503211,39.615300000000005,-191.621199
20235,39.8119,-186.288801,38.4213,-187.648778
20236,36.6221,-233.658978,36.3166,-229.39399600000002
20237,36.9215,-194.326759,36.3597,-196.007122
20238,39.704,-178.308398,39.887699999999995,-182.021556
20239,37.0225,-210.764735,37.9375,-207.569002
20240,40.2427,-194.299805,38.152100000000004,-193.320664
20241,39.7583,-173.751267,38.975,-173.986527
20242,38.6297,-206.595029,39.4082,-202.496285
20243,38.2988,-216.130958,38.9178,-216.459833
20244,38.8472,-190.149789,39.1937,-193.204968
20245,39.321600000000004,-191.091466,38.5882,-197.23328
20246,41.4371,-174.748392,40.8234,-181.03324
20247,33.0304,-213.046368,37.98,-197.96187
20248,40.714200000000005,-168.93002,39.1927,-180.235294
20249,40.3233,-186.220173,39.5045,-196.194615
20250,31.6831,-233.119737,32.5837,-239.300223
20251,38.376999999999995,-196.156942,39.624,-191.432435
20252,37.7243,-207.836034,37.1395,-207.968801
20253,37.658500000000004,-216.072664,39.18,-204.675728
20254,41.3776,-168.980606,40.8313,-174.490815
20255,36.4126,-210.736944,36.3589,-210.155617
20256,37.1886,-189.897095,37.4886,-190.027805
20257,36.1081,-186.496128,34.9434,-198.607752
20258,38.7245,-183.490075,36.6887,-192.957834
20259,38.8084,-190.78975499999999,38.3757,-190.85545
20260,41.3167,-205.128814,40.449,-209.016774
20261,38.002,-180.99388,37.6743,-182.088272
20262,38.0856,-213.469845,37.437799999999996,-223.523652
20263,36.4269,-184.003211,36.969899999999996,-184.560512
20264,40.1329,-203.36041600000001,40.1416,-200.827042
20265,40.4897,-198.90252,38.4054,-203.562808
20266,38.1455,-175.969455,37.9191,-180.07961
20267,38.4149,-195.054094,40.2343,-188.384345
20268,35.6351,-181.498378,36.8998,-186.627532
20269,37.7416,-184.78911,36.7603,-194.214424
20270,37.294,-210.355656,35.8918,-213.912122
20271,37.0132,-184.05705700000001,36.1973,-192.38918
20272,37.2913,-205.186295,36.3451,-204.52922900000002
20273,37.6055,-174.751385,37.2819,-176.942077
20274,38.7323,-214.298857,37.6624,-214.342691
20275,38.8957,-212.277248,38.4211,-208.89887
20276,38.299099999999996,-200.034787,38.6502,-193.101268
20277,38.5606,-210.241973,38.8976,-209.191514
20278,36.0567,-237.337574,34.2545,-242.925656
20279,40.6316,-180.370229,38.6438,-183.629111
20280,40.0243,-204.882922,40.63,-201.83654
20281,37.150800000000004,-196.150069,37.8475,-195.727513
20282,37.389700000000005,-175.600691,37.2504,-176.192498
20283,36.9532,-189.735258,37.6323,-187.029118
20284,39.248,-193.027543,37.8021,-194.317927
20285,40.231700000000004,-180.635218,40.3818,-185.583775
20286,37.2912,-191.743005,36.728899999999996,-197.121975
20287,36.74,-191.262494,38.0703,-195.897219
20288,36.7251,-192.201234,36.1342,-192.47569000000001
20289,35.737700000000004,-200.009592,34.7966,-195.77392
20290,38.6107,-196.5454,38.299800000000005,-187.615832
20291,38.103899999999996,-182.006816,38.2585,-183.35602599999999
20292,39.9043,-186.418134,40.2288,-184.0191
20293,39.311499999999995,-188.159128,40.0851,-179.664717
20294,39.773399999999995,-182.233058,36.7864,-191.140354
20295,38.3825,-221.497713,38.6463,-225.107561
20296,38.4323,-187.3832,38.7665,-191.999452
20297,41.818799999999996,-173.650281,42.0536,-179.770256
20298,37.0469,-221.167566,38.5004,-210.080795
20299,38.915800000000004,-218.181556,38.8682,-217.8582
20300,36.3028,-199.183733,36.419399999999996,-204.41953
20301,36.0345,-196.960606,37.588899999999995,-187.26575499999998
20302,37.6923,-197.370588,37.253299999999996,-194.151093
20303,36.6352,-195.44343,35.813900000000004,-200.634906
20304,39.0021,-203.393776,40.1261,-197.685789
20305,38.1476,-209.448349,37.7809,-205.819017
20306,36.8401,-193.212996,36.7833,-187.16785099999998
20307,38.7705,-177.284701,38.7396,-176.965393
20308,38.370400000000004,-224.352677,36.995,-227.740616
20309,39.9256,-168.05234,39.7896,-167.830142
20310,35.3727,-217.894436,35.327799999999996,-214.419847
20311,36.8055,-206.611616,37.3189,-201.309292
20312,39.7322,-179.07807400000002,39.4952,-176.77908
20313,40.356700000000004,-200.348655,40.1966,-204.014121
20314,39.831599999999995,-180.698777,40.4767,-187.281601
20315,34.9843,-216.082502,35.3953,-212.383877
20316,37.5009,-190.91905,40.5912,-182.714915
20317,37.356899999999996,-183.160307,37.7219,-182.005105
20318,37.9711,-208.809472,38.2637,-206.512244
20319,35.332499999999996,-228.448957,37.2645,-221.417358
20320,40.8658,-192.594008,40.9993,-190.797999
20321,37.5975,-180.068202,38.870999999999995,-178.998652
20322,40.158500000000004,-205.786572,39.5857,-209.11117
20323,36.7034,-213.420419,34.5967,-224.738822
20324,39.8834,-203.516176,40.4145,-204.795566
20325,35.6805,-192.099572,36.0226,-197.728568
20326,39.609700000000004,-178.706721,39.1405,-185.304142
20327,39.1226,-210.219816,39.3852,-202.743203
20328,39.2344,-207.115547,38.5409,-208.117793
20329,35.4109,-189.620905,35.310199999999995,-188.130657
20330,32.2961,-226.211405,33.1958,-228.668588
20331,36.8249,-221.165408,36.176500000000004,-223.476936
20332,36.7652,-197.890773,36.544799999999995,-201.523809
20333,35.9867,-199.70675,34.9469,-202.895335
20334,37.3965,-203.836059,36.9759,-206.755088
20335,40.050399999999996,-162.522098,39.7692,-170.505368
20336,39.6773,-205.655049,38.8515,-208.226687
20337,33.5099,-206.996424,34.7725,-195.525821
20338,37.190799999999996,-214.845733,36.7083,-215.29482
20339,36.4071,-214.79429,38.266999999999996,-214.744089
20340,36.8151,-187.311876,37.8572,-180.698781
20341,35.9366,-225.45773499999999,37.4732,-212.74943
20342,39.18,-187.090162,38.1113,-184.088845
20343,39.0997,-220.365377,39.7813,-215.281062
20344,36.26,-200.541238,41.1648,-193.824283
20345,38.7017,-200.18280000000001,38.4827,-198.633861
20346,37.7301,-200.754513,37.2408,-205.459147
20347,39.5998,-191.948713,38.5316,-200.10732000000002
20348,35.954,-186.660076,35.977999999999994,-189.256657
20349,38.462599999999995,-212.432498,38.3905,-212.168798
20350,38.5537,-189.667313,38.1426,-188.426496
20351,37.2975,-180.965147,36.3962,-188.59155
20352,38.964,-200.185583,40.1019,-201.267796
20353,37.7772,-178.636719,37.6698,-182.017024
20354,40.391,-195.884438,39.4313,-198.79093
20355,37.2641,-177.964832,38.1787,-180.796495
20356,38.6352,-189.052507,38.5833,-191.833162
20357,39.7065,-200.235948,35.727599999999995,-212.211145
20358,38.0372,-190.312578,38.5799,-178.540773
20359,41.6428,-195.524365,42.065200000000004,-188.167452
20360,42.5633,-187.179895,42.2065,-190.15696
20361,37.422399999999996,-192.803438,38.806,-188.948624
20362,36.7217,-211.47631,37.8423,-206.4426
20363,38.3017,-197.482793,37.8727,-198.523891
20364,37.3747,-179.495092,36.9774,-181.721294
20365,38.6943,-222.612472,38.5493,-221.973682
20366,39.1049,-194.822302,39.2832,-203.821812
20367,37.1211,-202.305004,35.9019,-203.078474
20368,37.7373,-200.255189,38.1377,-195.787509
20369,38.0952,-192.149461,37.2461,-197.629033
20370,38.8005,-196.402516,37.368700000000004,-193.766769
20371,36.3632,-230.30256500000002,37.0941,-225.908687
20372,35.5223,-196.051773,34.5604,-199.75168
20373,34.918800000000005,-189.292131,34.986999999999995,-185.962973
20374,40.2529,-188.012132,38.0096,-189.006073
20375,37.8818,-195.885409,35.6094,-201.173104
20376,34.0357,-202.322765,33.7859,-202.16031
20377,35.8252,-230.58751900000001,36.4914,-226.894405
20378,40.497,-182.282184,41.0086,-192.615451
20379,37.2821,-188.729035,37.109899999999996,-188.758345
20380,34.5584,-217.383308,37.581900000000005,-209.987438
20381,36.010999999999996,-184.893804,36.044200000000004,-190.165538
20382,38.4204,-187.945427,37.7745,-191.96473
20383,39.0008,-193.809846,40.7862,-177.801784
20384,42.1387,-183.252447,40.1474,-184.317056
20385,33.7489,-216.807719,33.6485,-213.301863
20386,35.425799999999995,-233.736456,35.4138,-234.903275
20387,37.8397,-194.691852,37.269999999999996,-201.825099
20388,35.7508,-238.945117,35.7479,-238.998694
20389,42.5041,-191.589493,41.3883,-199.584741
20390,41.6792,-202.203436,41.5375,-201.836212
20391,38.589600000000004,-175.620956,38.6908,-179.417894
20392,39.6088,-191.294448,37.6653,-188.876447
20393,38.1768,-221.084842,38.1652,-220.242627
20394,38.6407,-196.296979,40.6761,-189.294971
20395,35.8731,-200.711895,34.7043,-210.442727
20396,41.0417,-199.743849,42.217,-196.406599
20397,37.4081,-180.704781,37.898,-185.363387
20398,36.9911,-211.574811,39.3546,-199.082856
20399,40.0986,-170.665634,39.039,-179.18138
20400,39.8564,-202.212927,39.4423,-195.899054
20401,39.8029,-197.313424,39.9895,-198.397072
20402,33.2432,-217.080575,32.9037,-214.766203
20403,36.9198,-220.616168,37.8211,-221.110222
20404,35.8539,-193.415275,37.724199999999996,-189.627246
20405,36.6188,-229.732649,35.897,-237.99132699999998
20406,38.2785,-214.643964,37.589,-223.910793
20407,37.1486,-187.272597,37.116299999999995,-178.302586
20408,39.3102,-207.124017,38.0462,-208.879833
20409,35.2498,-199.328207,34.6072,-198.546059
20410,41.5123,-180.285447,41.3808,-177.066784
20411,39.1776,-188.486678,39.2386,-193.178983
20412,38.3087,-187.153908,38.9866,-184.568084
20413,37.1192,-196.284918,38.1644,-193.112127
20414,35.8792,-189.47559,35.432500000000005,-198.847707
20415,38.1386,-179.699127,36.463499999999996,-190.876661
20416,40.6967,-201.964636,40.346199999999996,-204.713769
20417,39.9724,-198.713377,39.2235,-193.214985
20418,39.9987,-169.560437,37.2876,-187.758395
20419,37.987,-186.29011,37.8116,-181.980813
20420,38.056,-222.224644,39.1509,-216.072465
20421,38.3435,-187.601492,38.8249,-185.449826
20422,34.4631,-205.644214,36.0582,-195.690862
20423,39.0169,-212.872632,38.609,-211.629164
20424,38.6004,-184.990226,38.1467,-186.172473
20425,37.6335,-184.303181,37.082,-187.788359
20426,40.448,-208.074078,37.7664,-219.31647
20427,37.9532,-207.921477,37.65,-202.986351
20428,38.0111,-215.167142,33.1701,-236.02464
20429,38.4869,-178.512923,37.7495,-188.683019
20430,42.4983,-189.111375,40.852000000000004,-194.832485
20431,37.5534,-192.527224,34.379400000000004,-202.732269
20432,38.581900000000005,-170.133525,37.1442,-185.68362199999999
20433,37.5008,-193.42258,36.8127,-200.158991
20434,37.8579,-223.334078,36.5207,-223.021352
20435,37.0155,-208.022423,37.2477,-208.093262
20436,36.561,-188.19366,37.0549,-176.605723
20437,38.9336,-187.417985,41.7967,-180.681498
20438,36.3266,-210.781404,36.1727,-221.594762
20439,39.5853,-197.167274,37.283699999999996,-200.785894
20440,39.3937,-165.626121,38.7231,-173.38661
20441,37.7699,-221.28207,34.7475,-226.641287
20442,40.1292,-176.269795,39.4595,-177.834359
20443,39.7999,-190.146775,39.9307,-185.290078
20444,35.6825,-234.007299,39.0356,-213.612557
20445,38.0976,-193.168838,37.5197,-184.665888
20446,38.772,-176.264325,40.048899999999996,-174.902602
20447,37.6572,-215.628411,38.7352,-215.050258
20448,38.0046,-232.992491,37.267399999999995,-233.404676
20449,36.6825,-223.855566,37.4788,-216.006667
20450,37.2951,-203.256304,38.3782,-200.063615
20451,40.7987,-208.202642,39.5953,-209.43542300000001
20452,36.150800000000004,-215.942231,36.1409,-219.078209
20453,37.8941,-193.109357,37.6249,-199.33213800000001
20454,35.2252,-197.218555,37.4864,-193.646247
20455,39.4092,-191.189725,37.3937,-205.154644
20456,39.626,-204.006104,38.9693,-204.62148
20457,38.4836,-188.488703,38.4468,-186.838843
20458,36.531800000000004,-183.881609,37.3072,-190.563675
20459,38.9259,-187.135629,39.2734,-189.735206
20460,38.2348,-199.556196,38.1945,-194.887754
20461,38.332,-194.816124,37.0287,-205.220858
20462,39.6689,-218.182297,38.7369,-224.298658
20463,40.2848,-206.841646,40.3194,-201.687578
20464,40.831,-198.511615,40.4334,-204.270801
20465,40.2064,-193.826525,38.9915,-204.144074
20466,38.0456,-190.075398,35.424800000000005,-211.601277
20467,37.7921,-198.140784,36.775400000000005,-189.667065
20468,40.8587,-164.179262,39.933099999999996,-164.356805
20469,35.5864,-210.37033,34.7212,-212.402209
20470,39.1404,-208.051593,38.7727,-206.621604
20471,39.7131,-181.669936,37.5657,-187.948537
20472,36.2919,-210.173071,35.8511,-208.877378
20473,39.2487,-195.49620099999999,40.1907,-193.211833
20474,39.7585,-189.17393,39.3237,-185.249363
20475,36.577,-178.744948,36.6537,-183.185644
20476,37.7038,-193.320095,37.6464,-192.481242
20477,37.6592,-196.733335,40.21,-193.920303
20478,40.015100000000004,-200.248417,35.7257,-213.344424
20479,36.9816,-195.968918,36.7719,-192.021761
20480,39.595600000000005,-188.260476,39.3877,-191.205082
20481,40.6329,-192.01201,40.0028,-195.121678
20482,40.959,-179.681394,40.634699999999995,-182.752899
20483,41.4425,-207.123355,42.214,-197.947767
20484,34.1595,-234.957106,33.8259,-230.331861
20485,34.6531,-189.54303,34.5366,-191.028574
20486,37.5557,-188.13792,37.8475,-196.763709
20487,39.0511,-175.198666,39.0304,-181.547597
20488,37.5532,-209.317018,37.783699999999996,-200.351507
20489,37.7615,-194.221168,40.439099999999996,-187.284368
20490,37.7663,-186.642223,38.0868,-193.97912399999998
20491,37.6314,-201.066556,40.841,-180.126404
20492,37.4058,-208.829306,37.0977,-204.341527
20493,37.8232,-185.262409,37.8917,-185.912958
20494,37.5232,-178.785138,36.8503,-190.878419
20495,36.7841,-176.183803,36.6058,-173.743096
20496,37.6024,-207.921748,36.0152,-218.605584
20497,39.1638,-182.132921,37.4247,-189.238885
20498,35.8382,-199.180098,35.821600000000004,-198.04446
20499,36.6727,-214.574418,39.5624,-199.013728
20500,39.089,-200.494832,40.2674,-196.821409
20501,37.9801,-174.556699,37.4332,-173.428277
20502,36.3494,-192.571934,35.691900000000004,-191.373448
20503,38.1541,-193.714406,37.85,-193.148564
20504,40.0877,-206.83491,40.428,-204.941988
20505,37.3682,-186.96337499999998,37.156800000000004,-186.700383
20506,37.6368,-181.51338,37.6034,-181.287948
20507,39.5651,-215.846698,39.559,-215.004231
20508,39.0551,-190.956432,39.0187,-188.976868
20509,36.3043,-190.650588,35.828,-189.45056399999999
20510,38.2654,-192.548598,38.202200000000005,-194.464036
20511,37.096000000000004,-226.684055,34.5895,-240.595582
20512,40.967600000000004,-203.170588,40.1207,-206.337547
20513,39.1115,-187.76865800000002,39.7624,-188.171716
20514,37.82,-184.705681,37.4033,-184.25692
20515,34.2456,-214.316482,35.2291,-205.088613
20516,34.2369,-205.81215699999998,33.6014,-215.787638
20517,34.3789,-218.902276,35.4756,-212.964406
20518,37.4988,-182.872465,37.4873,-186.169274
20519,40.7211,-182.144375,40.8713,-188.676207
20520,37.6781,-180.850863,37.686099999999996,-180.758762
20521,37.1553,-218.791466,37.612899999999996,-209.495418
20522,39.8263,-183.341613,39.6552,-176.897656
20523,38.2973,-185.130135,38.731,-180.944803
20524,39.0467,-209.025133,38.8414,-204.533165
20525,39.2652,-211.134894,39.8814,-205.092474
20526,39.652699999999996,-202.218539,39.463300000000004,-198.785112
20527,37.371,-176.423468,36.515,-185.416082
20528,37.1308,-211.057564,36.399,-221.846418
20529,41.813,-175.711141,37.8859,-187.588414
20530,39.841,-220.629413,41.0038,-206.123626
20531,37.4867,-209.82090300000002,36.798100000000005,-214.898987
20532,39.522400000000005,-175.710838,40.0619,-183.206994
20533,39.167699999999996,-202.164508,40.9138,-200.61831
20534,36.0004,-189.207056,35.782700000000006,-191.56463
20535,37.7161,-187.920495,38.6555,-192.823022
20536,41.150800000000004,-197.964389,40.2661,-202.557746
20537,41.6916,-186.696472,38.8986,-192.184516
20538,36.4181,-193.082147,36.865899999999996,-193.408252
20539,39.7586,-186.473441,38.889700000000005,-181.727216
20540,35.1451,-227.867333,35.0516,-228.561078
20541,38.4821,-199.356103,39.0527,-197.570835
20542,35.863299999999995,-174.828065,35.247,-186.368095
20543,38.8816,-207.77559,37.5399,-209.056366
20544,37.256299999999996,-200.219437,37.3076,-187.624141
20545,39.0192,-215.992147,39.2844,-217.479291
20546,38.2121,-199.871269,37.6734,-203.506779
20547,36.4363,-214.257157,34.4212,-227.376551
20548,41.0951,-196.03304,41.9126,-191.504229
20549,37.6001,-200.544603,36.2953,-197.359033
20550,40.9801,-174.992881,41.5863,-174.260341
20551,37.1687,-191.886933,37.7214,-194.44839
20552,37.8521,-190.166183,38.6824,-192.006202
20553,37.9429,-210.365117,38.3307,-201.735002
20554,30.3284,-252.619402,31.3921,-247.50951
20555,36.108,-204.52085399999999,37.075900000000004,-196.706774
20556,36.063900000000004,-188.667529,36.1103,-188.170895
20557,39.3544,-214.056704,39.159499999999994,-217.232091
20558,30.5559,-256.16112,32.6132,-244.219986
20559,38.3561,-212.43903,39.0759,-206.782258
20560,36.6922,-191.460392,36.4567,-191.483354
20561,38.5779,-192.334589,38.9056,-187.061568
20562,41.2887,-195.156992,40.15,-196.696076
20563,37.8023,-217.908318,38.123599999999996,-216.099938
20564,34.4795,-193.447885,41.5418,-177.690687
20565,35.9325,-184.653575,35.82,-184.165665
20566,39.3755,-196.362823,39.2668,-197.955094
20567,37.795500000000004,-212.86925399999998,38.0089,-209.27371
20568,38.519,-194.379513,38.6328,-193.33954
20569,38.6344,-196.871941,38.6225,-197.198286
20570,37.2182,-226.129809,36.3087,-231.225156
20571,36.2642,-198.860609,37.7555,-195.542415
20572,40.5253,-181.778592,39.6723,-185.55786
20573,38.601,-182.29948,39.6301,-177.831915
20574,34.7739,-218.423562,41.2287,-186.460152
20575,36.2655,-190.721808,36.2368,-191.14443
20576,36.3882,-200.193981,36.2247,-200.829196
20577,38.6359,-199.016385,37.834,-205.551424
20578,38.764,-186.798055,37.675200000000004,-197.685612
20579,36.437799999999996,-227.628225,36.476,-229.271059
20580,37.8612,-206.17884899999999,37.3126,-211.463752
20581,36.618700000000004,-205.416597,36.3574,-208.15275
20582,38.2864,-194.143721,38.3736,-199.039802
20583,36.3012,-186.635289,36.0909,-197.41556
20584,37.5029,-214.718649,33.2986,-227.513624
20585,38.8011,-170.218059,37.9882,-185.083311
20586,38.1728,-226.311391,38.1314,-223.723756
20587,36.5741,-171.766691,36.832499999999996,-171.983589
20588,35.033500000000004,-190.478089,34.961600000000004,-193.150773
20589,36.6837,-215.439482,35.746,-225.520582
20590,39.062,-184.657347,40.4196,-186.627965
20591,42.462,-187.681843,39.5651,-198.846656
20592,38.3883,-201.807667,39.7636,-198.764363
20593,39.327799999999996,-200.90799,39.004400000000004,-203.696581
20594,39.047200000000004,-183.773268,40.5349,-175.10114
20595,38.1329,-185.680964,36.7796,-197.282752
20596,38.7677,-214.433401,38.7474,-214.107522
20597,39.068799999999996,-221.588142,39.7386,-215.11478400000001
20598,37.6087,-191.704344,38.085899999999995,-191.293443
20599,40.4073,-194.204886,40.495,-195.348257
20600,38.3036,-196.172598,37.2291,-188.777906
20601,36.8558,-218.433553,37.7466,-212.103849
20602,34.0524,-230.890925,33.7534,-228.706656
20603,38.7883,-173.61568,38.3779,-180.897695
20604,36.2796,-208.840538,34.81,-213.117669
20605,39.6356,-196.996614,41.550399999999996,-183.698091
20606,39.1866,-207.12769,39.5163,-207.61087799999999
20607,38.611,-214.805692,40.028,-212.139702
20608,39.4426,-204.921748,37.9833,-206.659933
20609,38.5869,-183.134836,37.934,-187.558958
20610,35.951499999999996,-176.932959,35.5804,-187.146199
20611,39.798500000000004,-195.03043,37.8096,-199.30243
20612,35.6199,-218.679981,35.1813,-209.814925
20613,38.8531,-197.900953,39.5282,-200.833231
20614,39.2619,-197.400015,39.5998,-199.373635
20615,40.0589,-202.46367,40.1877,-196.10137699999999
20616,38.515100000000004,-179.359034,40.3558,-176.716327
20617,38.9731,-191.534441,38.717,-189.071744
20618,37.0508,-227.327379,36.3405,-227.498055
20619,28.2209,-274.044505,29.3662,-267.543588
20620,36.5751,-224.449738,36.1303,-223.178102
20621,37.815200000000004,-205.414717,38.2675,-204.367042
20622,36.4199,-181.651689,36.3654,-187.279746
20623,36.6062,-211.050075,37.2334,-202.861746
20624,36.8575,-190.204335,37.2102,-191.223252
20625,38.7572,-184.039313,37.1479,-193.276114
20626,38.2002,-172.793651,39.3758,-179.967736
20627,42.591300000000004,-176.957738,41.594300000000004,-173.096578
20628,36.623400000000004,-195.173516,37.418800000000005,-201.763407
20629,39.4152,-210.055075,39.8785,-207.624985
20630,37.2149,-198.777169,36.7138,-192.955403
20631,38.7708,-204.715882,39.082899999999995,-211.338565
20632,39.0603,-198.443688,38.3684,-202.129428
20633,39.3113,-205.887699,39.1174,-203.07379
20634,37.789699999999996,-203.742109,38.613,-206.925719
20635,39.8606,-203.037298,39.985299999999995,-206.492106
20636,38.1148,-185.119483,37.1943,-193.990604
20637,38.2637,-192.719028,37.8614,-197.512586
20638,40.2913,-190.932896,39.8028,-192.236879
20639,38.3598,-185.67452,39.0821,-184.185051
20640,37.1018,-194.414714,38.9114,-182.900256
20641,37.4083,-193.419281,37.199799999999996,-198.186637
20642,37.5428,-220.08454,37.6422,-221.757999
20643,35.5094,-226.13345999999999,33.3846,-239.011874
20644,39.2377,-207.536524,38.7153,-212.761374
20645,36.9029,-196.339538,36.5356,-191.038989
20646,36.2925,-203.594676,35.845,-201.922886
20647,40.7588,-196.253157,39.6572,-198.024053
20648,36.9375,-227.567391,35.9261,-232.573503
20649,38.909800000000004,-209.960897,38.682,-212.271621
20650,36.107,-179.369165,35.9696,-178.201211
20651,34.9003,-230.077629,36.6297,-216.015995
20652,38.5347,-212.399934,37.8331,-217.641285
20653,39.5028,-206.911745,39.2712,-199.477119
20654,36.5854,-199.08267,35.9316,-200.904999
20655,40.8027,-198.251772,39.903800000000004,-206.976721
20656,38.571,-210.895971,39.7943,-209.732803
20657,40.834,-194.659908,41.6324,-187.967559
20658,36.0929,-195.416615,36.2746,-203.75596
20659,38.1214,-200.139367,37.2911,-202.620625
20660,39.9394,-165.132667,38.400099999999995,-185.569009
20661,37.7843,-187.073197,37.7814,-186.327662
20662,37.4217,-199.332362,36.7615,-203.49863
20663,39.3631,-204.382977,39.9536,-202.852767
20664,36.6338,-215.822114,36.3754,-220.452071
20665,33.3229,-212.704199,34.6865,-208.096611
20666,38.7268,-214.408397,37.9471,-214.396018
20667,40.2948,-188.715523,39.422399999999996,-197.286273
20668,38.9493,-196.928255,39.8519,-189.83612
20669,42.1064,-189.594795,41.8091,-194.775733
20670,35.9998,-186.235254,37.2113,-194.974956
20671,35.5937,-188.524846,36.3501,-180.760938
20672,40.2372,-194.319975,39.582300000000004,-195.182232
20673,37.024699999999996,-190.162915,35.8351,-190.677401
20674,36.992999999999995,-195.015471,35.2526,-203.697085
20675,39.4371,-201.957834,37.0684,-207.287546
20676,37.962199999999996,-222.87496099999998,38.0132,-227.776686
20677,37.0403,-182.865671,36.8647,-179.450418
20678,36.1602,-198.780763,36.064,-191.865557
20679,36.2265,-208.914229,34.8394,-214.095374
20680,38.734899999999996,-196.849535,38.2128,-207.313684
20681,35.8189,-199.199002,36.8631,-193.687682
20682,38.262,-184.488134,37.0119,-196.571726
20683,37.1992,-232.88443999999998,36.2635,-231.65935
20684,37.0284,-177.500095,37.7743,-180.602765
20685,40.3,-210.86025,38.0292,-216.25709
20686,39.6546,-189.772145,40.3236,-191.45239
20687,38.5333,-211.645264,37.9121,-206.649048
20688,38.394,-223.667369,37.7356,-227.500767
20689,37.8788,-203.813179,38.1048,-195.918315
20690,36.0634,-194.887435,38.5154,-180.241463
20691,33.3219,-239.818717,34.0299,-237.257018
20692,40.015100000000004,-194.03368,39.4087,-189.529947
20693,43.8219,-167.349278,43.2247,-167.082141
20694,39.399100000000004,-178.291597,37.7536,-187.366158
20695,38.996,-209.81410400000001,39.4756,-206.875642
20696,37.1798,-208.933091,34.8112,-207.836466
20697,37.7585,-185.68884,37.2345,-191.624741
20698,36.0897,-201.844482,36.8332,-207.901634
20699,37.7312,-188.757188,37.2726,-197.080748
20700,36.6297,-224.151015,36.0225,-216.718881
20701,36.809200000000004,-208.190043,38.4016,-190.102454
20702,37.8074,-192.897218,38.7318,-196.889961
20703,36.5402,-213.88858199999999,36.3637,-213.05803699999998
20704,37.4309,-210.688848,37.306,-215.347613
20705,39.734700000000004,-185.072018,40.3381,-180.66358
20706,37.2114,-212.428221,38.0174,-205.42541599999998
20707,38.7364,-211.992871,38.3172,-208.672925
20708,36.418,-192.387511,36.372,-194.546989
20709,39.5683,-195.96523,39.709,-199.431909
20710,38.9523,-218.597516,38.5928,-226.983632
20711,37.6144,-196.41451899999998,35.6399,-199.562262
20712,37.2823,-197.996511,37.4732,-200.040443
20713,33.3588,-238.315183,33.6381,-235.457559
20714,36.1173,-189.64207,38.061,-182.511719
20715,36.9562,-187.134649,37.1656,-180.424272
20716,34.0923,-213.941899,34.2162,-208.220003
20717,35.325,-185.498393,35.8468,-183.024432
20718,38.872299999999996,-189.39332,38.4084,-187.171669
20719,40.7025,-188.903185,39.8361,-193.71182100000001
20720,37.7658,-192.625327,38.0672,-190.5396
20721,39.8712,-173.495206,39.9425,-172.370138
20722,43.3789,-169.187317,41.1822,-180.783593
20723,39.531000000000006,-199.548967,40.7709,-196.975541
20724,38.9241,-173.393647,37.3951,-176.432823
20725,39.4206,-182.844375,37.6954,-182.436112
20726,37.1553,-210.838245,38.3654,-210.255813
20727,40.483399999999996,-188.472657,42.1158,-186.634914
20728,38.4171,-189.299116,38.8454,-188.925661
20729,37.1516,-205.025614,35.8102,-210.888839
20730,38.300399999999996,-194.868761,38.5623,-195.15388099999998
20731,35.8915,-200.451893,35.561499999999995,-202.833936
20732,35.1555,-226.767983,32.772400000000005,-222.882552
20733,38.0006,-179.632629,37.338499999999996,-170.259611
20734,38.4789,-217.280497,39.7501,-225.288779
20735,36.1071,-184.970804,36.1551,-186.297948
20736,37.7076,-207.214449,37.048,-215.127153
20737,37.3295,-185.941795,38.1034,-184.341172
20738,40.0189,-207.365694,40.2344,-201.497764
20739,41.0944,-200.851281,41.9331,-192.276841
20740,38.5124,-200.730045,38.5756,-194.553106
20741,36.7725,-181.488866,37.2954,-192.718107
20742,36.7243,-179.704417,36.4237,-175.561187
20743,39.2802,-209.274154,39.2636,-207.341914
20744,39.9656,-181.939043,40.0642,-182.140007
20745,39.2935,-185.223789,38.5719,-185.562316
20746,40.2159,-201.700599,40.76,-195.506312
20747,35.9649,-201.034436,36.1963,-207.056608
20748,39.9386,-171.418454,37.3704,-185.77630200000002
20749,38.5919,-191.987383,37.2518,-191.218158
20750,38.7098,-190.163889,39.5409,-197.256738
20751,41.8678,-198.642524,41.317899999999995,-200.875153
20752,38.1346,-210.328282,37.6671,-210.249159
20753,41.2141,-191.389993,40.649499999999996,-189.100801
20754,37.9358,-186.139937,37.821600000000004,-183.629273
20755,37.334,-196.497586,37.335499999999996,-196.49399
20756,39.4061,-207.497945,40.0905,-199.101941
20757,37.1327,-175.068913,36.9678,-182.526625
20758,38.6242,-193.373741,39.109,-186.636225
20759,37.591499999999996,-213.745305,37.6299,-216.205092
20760,33.5412,-241.109034,34.7367,-231.295241
20761,37.6189,-190.057668,37.835899999999995,-190.530032
20762,38.114599999999996,-185.28363099999999,38.2502,-187.633646
20763,38.150800000000004,-195.851407,36.8853,-194.630067
20764,37.6004,-210.567408,41.2583,-181.392819
20765,40.634699999999995,-202.632347,40.7313,-193.061238
20766,37.3481,-229.71269,36.1256,-233.854328
20767,36.7537,-219.257411,41.5313,-193.535263
20768,36.9275,-190.418784,36.9543,-189.056883
20769,39.445499999999996,-199.086276,38.6599,-195.599081
20770,39.0243,-195.585361,37.4473,-198.70147599999999
20771,37.8266,-198.063519,40.8671,-193.631198
20772,37.6683,-218.121692,37.9308,-215.636676
20773,38.669399999999996,-209.454757,38.802,-211.920164
20774,37.4375,-192.897957,37.7325,-197.820215
20775,36.6656,-195.49601,37.6262,-186.219649
20776,38.8154,-218.307528,39.2386,-216.716004
20777,41.0638,-184.687447,39.536500000000004,-183.160834
20778,40.2124,-192.333636,40.093,-194.62767
20779,36.0205,-224.509401,35.4333,-225.88239
20780,38.1477,-225.861468,39.0152,-210.970597
20781,39.4993,-179.17983,40.3116,-185.669361
20782,39.7233,-205.607605,39.5814,-198.74162
20783,39.7233,-173.429244,40.8651,-170.841215
20784,41.007600000000004,-207.523278,39.9183,-202.75985599999998
20785,38.5319,-187.590127,38.7278,-179.968555
20786,38.1293,-215.514962,37.9681,-208.102066
20787,38.331199999999995,-185.895294,38.511700000000005,-190.980196
20788,40.4564,-214.547572,39.8975,-217.650554
20789,36.379799999999996,-213.257753,36.8189,-209.690721
20790,36.0406,-249.239255,34.5887,-256.980316
20791,31.721,-241.763315,33.7145,-228.639546
20792,37.6697,-187.977495,37.237300000000005,-192.211677
20793,36.6717,-203.333083,39.4692,-191.58805900000002
20794,39.2579,-206.665126,39.410799999999995,-203.481019
20795,38.644800000000004,-194.209342,37.5802,-196.301614
20796,39.2467,-218.159763,39.8618,-214.342024
20797,41.169200000000004,-191.780858,42.0354,-188.962377
20798,40.1708,-200.763553,39.2288,-206.08978
20799,39.2589,-204.6678,38.3607,-205.185607
20800,35.7364,-179.389916,36.1545,-185.356123
20801,39.9202,-166.301416,39.8592,-172.131727
20802,36.4437,-238.289525,36.4082,-237.201066
20803,40.828,-182.499989,40.9551,-190.618286
20804,37.1693,-214.538728,36.9858,-225.811813
20805,36.6038,-219.113285,36.408500000000004,-219.820761
20806,38.5296,-190.418096,39.1809,-190.463895
20807,36.2204,-210.753708,41.3946,-203.98218
20808,41.4426,-157.572271,39.978,-165.552306
20809,39.9751,-199.064226,39.3742,-202.223283
20810,39.6587,-200.396345,40.4742,-195.390014
20811,37.5674,-173.915335,37.5924,-169.95204999999999
20812,38.1367,-201.091954,39.6416,-197.926793
20813,40.4525,-212.07554,38.5356,-214.47082
20814,34.6634,-236.428279,36.4388,-231.452862
20815,37.498000000000005,-192.877389,38.3137,-187.926872
20816,38.366,-178.178364,38.3608,-176.319213
20817,41.2118,-175.249246,40.2234,-179.204813
20818,37.3946,-198.815076,39.5501,-199.428302
20819,39.4895,-196.124926,39.3041,-190.666744
20820,35.3698,-194.463273,35.3551,-194.070432
20821,37.739599999999996,-196.282219,38.418099999999995,-194.576309
20822,37.5019,-236.661742,38.9451,-226.062567
20823,37.6501,-205.402828,39.295500000000004,-201.622173
20824,31.4223,-237.150153,31.4023,-238.51091
20825,40.1363,-202.18524,39.727199999999996,-202.792394
20826,34.6182,-186.569128,35.1062,-181.665886
20827,37.974199999999996,-223.205328,38.132400000000004,-221.061982
20828,38.1441,-184.401013,37.069500000000005,-188.910008
20829,38.2391,-202.410101,38.2777,-199.686812
20830,35.580600000000004,-203.964239,34.9815,-202.19227800000002
20831,39.7404,-181.89377,37.916,-184.90191
20832,37.9625,-187.148629,38.567099999999996,-185.201329
20833,36.5657,-213.993653,40.621,-193.67553
20834,39.5621,-193.152958,39.6817,-193.622561
20835,36.5363,-200.862366,38.0077,-198.589567
20836,36.837,-184.87775,37.6932,-182.273478
20837,36.6791,-198.262569,36.542,-195.073856
20838,37.5852,-221.349975,37.5901,-209.648923
20839,37.8422,-199.133788,38.1837,-197.961794
20840,37.0985,-207.449507,40.518100000000004,-191.051899
20841,36.765100000000004,-219.493314,36.5106,-225.461445
20842,37.4657,-194.053735,39.2709,-182.172685
20843,35.453,-184.995357,35.2167,-189.260164
20844,38.9106,-209.257952,39.5604,-198.38423
20845,37.7192,-207.974773,36.960300000000004,-206.620886
20846,41.0741,-210.738244,39.2308,-216.222573
20847,37.3743,-199.232414,37.5372,-206.651636
20848,38.8371,-220.830254,39.4475,-219.245842
20849,37.7391,-213.939795,36.9353,-221.414344
20850,37.1661,-193.096579,39.2832,-188.344176
20851,40.558099999999996,-188.848655,39.3881,-192.945428
20852,37.0904,-199.324011,39.623,-198.857125
20853,38.326499999999996,-213.369296,37.9362,-210.594518
20854,35.056,-197.88086,36.195,-193.600925
20855,38.5668,-184.435135,37.7413,-191.937827
20856,36.9101,-200.220301,37.4617,-191.86489
20857,39.1227,-208.800164,39.2019,-205.237404
20858,39.264,-196.967623,39.06,-199.759785
20859,37.9845,-191.246948,38.7046,-183.882397
20860,40.511300000000006,-181.016963,40.311099999999996,-174.627098
20861,38.9916,-181.082889,40.266,-178.716297
20862,35.8973,-211.859113,33.164500000000004,-228.890137
20863,36.8939,-191.220222,35.28,-197.146752
20864,40.9551,-165.223521,40.4167,-172.996069
20865,38.4538,-198.420615,38.1284,-199.017919
20866,38.1972,-207.97046600000002,37.213899999999995,-222.717043
20867,41.153800000000004,-200.59613099999999,41.6143,-201.448357
20868,39.4337,-225.41474,40.0971,-218.580943
20869,36.2599,-214.862106,35.8101,-213.071515
20870,38.7627,-195.505095,38.8786,-187.747155
20871,35.771,-208.080066,36.3949,-198.938247
20872,33.8446,-244.775646,33.486999999999995,-242.749189
20873,36.9225,-178.568782,36.922399999999996,-181.810952
20874,40.4616,-179.745029,40.3767,-178.423243
20875,36.4755,-227.345347,36.199799999999996,-225.651679
20876,37.8697,-206.54705,37.440200000000004,-207.526875
20877,39.607,-213.243241,39.9696,-214.117715
20878,37.4414,-211.514014,36.8638,-211.276349
20879,38.7043,-192.86873,38.271100000000004,-198.815251
20880,38.5463,-203.461575,39.6838,-191.776835
20881,37.337,-205.797238,38.4178,-201.192177
20882,36.2258,-217.045441,36.853,-210.478956
20883,33.1953,-215.250863,31.9165,-218.90983
20884,40.7114,-170.440229,40.0788,-174.706979
20885,42.057,-194.642114,41.7707,-185.277468
20886,38.0477,-194.146419,38.2098,-200.692114
20887,41.4056,-171.47096200000001,41.2234,-165.76583
20888,38.8989,-206.040666,40.2691,-199.06881
20889,35.971000000000004,-195.807085,36.7423,-193.389846
20890,36.5116,-228.174701,35.2762,-233.058485
20891,38.8973,-208.566252,39.0872,-202.421024
20892,38.6843,-176.330226,37.502900000000004,-184.16583
20893,40.0446,-214.447377,38.825,-214.397626
20894,36.756299999999996,-203.825474,36.3285,-202.690393
20895,38.8021,-187.025474,41.0852,-177.222488
20896,40.8211,-204.829974,41.2188,-202.20676
20897,40.2504,-190.655156,38.952799999999996,-198.879821
20898,41.1542,-163.250651,40.6933,-174.043286
20899,37.4642,-206.125899,37.3799,-201.49923
20900,37.9513,-221.204404,37.8047,-220.03831
20901,37.0018,-221.491192,36.5676,-225.172061
20902,36.835300000000004,-214.041566,36.962,-215.258556
20903,36.8615,-184.201928,36.3794,-189.780062
20904,37.681799999999996,-204.112193,37.6356,-204.297197
20905,38.8225,-199.929936,40.7428,-193.238638
20906,39.022999999999996,-177.80571,38.0669,-181.902578
20907,36.2791,-237.432571,36.934200000000004,-233.168111
20908,40.436099999999996,-215.040038,40.2958,-214.094932
20909,35.518100000000004,-210.106987,37.1174,-197.818271
20910,39.3908,-206.47715,38.9514,-209.910314
20911,35.2637,-228.73837699999999,35.5236,-222.844618
20912,38.4208,-223.98091,37.5702,-230.03599
20913,39.3936,-182.316722,40.1224,-185.279428
20914,37.4163,-190.711217,38.811099999999996,-182.373491
20915,36.8564,-209.444713,39.4554,-198.491156
20916,38.0648,-181.45854,37.893,-184.449651
20917,40.9936,-187.617754,40.4639,-193.030495
20918,34.0611,-215.29238,34.3115,-212.391382
20919,39.6665,-190.640636,39.6193,-187.072699
20920,41.4832,-196.15209000000002,41.2278,-196.226785
20921,40.7147,-175.747105,38.9142,-171.299736
20922,38.6528,-181.522521,40.0887,-178.699275
20923,34.8339,-199.977237,35.3558,-199.591609
20924,39.6511,-204.44477,39.3804,-202.480636
20925,40.4105,-178.921483,41.2281,-172.19969700000001
20926,38.4232,-223.03095,41.1392,-204.843795
20927,37.8407,-186.840361,38.7504,-184.08129
20928,38.7709,-185.571149,38.7724,-175.141459
20929,39.3414,-182.76657600000001,38.9158,-177.751006
20930,39.4892,-213.875744,35.5074,-223.846035
20931,40.6836,-200.532473,40.2449,-202.459303
20932,39.7527,-175.326253,40.0941,-178.470026
20933,38.3371,-211.242573,38.0267,-210.551958
20934,38.1615,-189.176891,40.459500000000006,-184.160204
20935,39.0571,-188.55928600000001,37.1958,-190.046612
20936,38.4339,-198.770516,37.8481,-202.395897
20937,39.1858,-206.402076,38.914699999999996,-213.105938
20938,40.897,-179.274,40.8769,-172.727065
20939,38.4557,-181.211609,38.194,-184.444378
20940,39.730900000000005,-192.221978,38.4612,-194.937569
20941,36.3209,-233.67166,37.2158,-226.799579
20942,38.6101,-179.193771,37.6644,-181.700098
20943,38.3971,-190.198113,39.3003,-177.291266
20944,38.4707,-180.52063,38.0315,-194.209698
20945,41.8691,-194.246467,40.121700000000004,-194.028519
20946,39.9116,-187.924148,39.1633,-188.253872
20947,36.7707,-208.649363,36.9353,-209.746066
20948,38.703,-196.949315,38.5616,-191.114267
20949,37.4867,-221.131649,37.046,-217.872032
20950,37.7469,-194.914429,37.2358,-199.963985
20951,37.198499999999996,-171.631248,36.736000000000004,-172.145368
20952,32.3518,-239.142038,32.0473,-244.516421
20953,36.4306,-197.35853,36.9339,-194.132322
20954,36.440599999999996,-206.221712,36.6456,-206.568282
20955,36.9664,-195.502837,36.7868,-195.639512
20956,33.6027,-193.903887,35.537,-187.643016
20957,37.9667,-186.929861,37.5749,-193.328104
20958,38.5542,-182.36727,39.1327,-185.535571
20959,37.4084,-188.947043,35.75,-201.775603
20960,37.036,-210.877502,37.174,-203.72061399999998
20961,37.6686,-220.31500499999999,37.6558,-223.124794
20962,37.8719,-188.791011,37.5897,-190.056093
20963,35.9358,-225.234505,36.783500000000004,-216.421018
20964,38.4241,-192.873023,38.8748,-182.843206
20965,37.6706,-183.575552,37.7208,-172.07896
20966,35.6494,-207.286527,35.6363,-208.544
20967,41.129599999999996,-204.776677,41.030100000000004,-208.065569
20968,37.2633,-206.877128,37.1888,-209.880305
20969,37.9092,-191.251585,37.5101,-193.663625
20970,40.2763,-213.944254,38.6897,-225.026909
20971,37.2695,-189.50116,37.4456,-187.305658
20972,39.4531,-210.572782,39.8465,-211.0945
20973,35.4844,-192.499702,35.7368,-193.159236
20974,35.430099999999996,-226.987129,35.0117,-230.137493
20975,36.717200000000005,-203.008247,37.5164,-197.088633
20976,38.1928,-213.684907,38.1168,-212.678476
20977,36.792500000000004,-233.271194,37.8876,-229.11212
20978,38.3361,-189.277887,38.0919,-192.057294
20979,39.1495,-196.663021,39.5974,-193.868601
20980,38.0895,-209.734227,39.1128,-207.344217
20981,39.718,-209.566756,38.9262,-212.60055499999999
20982,38.9099,-192.106764,38.2551,-196.077713
20983,35.659800000000004,-192.188614,36.0278,-193.565086
20984,36.9674,-198.607382,36.9881,-192.282648
20985,32.1758,-240.457171,32.1941,-239.287134
20986,40.1491,-202.157307,42.0576,-193.197939
20987,37.701499999999996,-181.680685,36.6071,-189.380375
20988,37.928799999999995,-214.405488,38.094,-205.77459
20989,41.2568,-188.567862,41.4971,-188.566016
20990,37.2643,-194.45595,38.5395,-183.969682
20991,37.4322,-199.963728,36.602000000000004,-206.523827
20992,36.703,-209.864141,37.535399999999996,-210.578538
20993,40.375699999999995,-203.485265,40.5182,-203.05698
20994,41.0105,-211.632378,41.1212,-209.891774
20995,37.2834,-212.779556,38.4451,-207.327944
20996,39.9409,-203.544882,39.795,-205.820762
20997,39.365,-190.678318,37.8267,-192.92397
20998,38.1612,-189.584641,37.041799999999995,-197.642638
20999,38.3237,-180.355284,38.0789,-183.837643
21000,38.3338,-211.778257,37.7086,-215.938596
