seed,lookahead_score,cycle_aware_score,cycle_aware_minus_lookahead,cycle_aware_gain_percent,winner
20001,18.1422,16.5548,-1.5873999999999988,-8.749765739546467,Lookahead Planner
20002,19.5703,18.3267,-1.2436000000000007,-6.3545270128715465,Lookahead Planner
20003,18.2771,18.2242,-0.05290000000000106,-0.28943322518343306,Lookahead Planner
20004,19.6848,19.3961,-0.2886999999999986,-1.4666138340242107,Lookahead Planner
20005,20.0258,20.4998,0.4740000000000002,2.3669466388358984,Cycle-Aware Planner
20006,21.2019,21.123,-0.0788999999999973,-0.3721364594682419,Lookahead Planner
20007,16.5709,16.5511,-0.01980000000000004,-0.11948656983024053,Lookahead Planner
20008,17.5604,18.7495,1.1890999999999998,6.771485843147085,Cycle-Aware Planner
20009,16.5081,15.7248,-0.7832999999999988,-4.744943391426015,Lookahead Planner
20010,17.1752,19.4009,2.2257,12.958801061996361,Cycle-Aware Planner
20011,18.4947,18.4011,-0.09360000000000213,-0.506090934159531,Lookahead Planner
20012,17.5366,18.3151,0.7785000000000011,4.439286976951062,Cycle-Aware Planner
20013,20.3045,19.0208,-1.2836999999999996,-6.32224383757295,Lookahead Planner
20014,18.0168,18.402,0.3852000000000011,2.1380045291061744,Cycle-Aware Planner
20015,17.9292,18.1766,0.24739999999999895,1.3798719407446924,Cycle-Aware Planner
20016,15.6684,16.6136,0.9452000000000016,6.032524061167721,Cycle-Aware Planner
20017,19.5479,19.828,0.2801000000000009,1.4328904895154926,Cycle-Aware Planner
20018,18.7003,18.8656,0.165300000000002,0.8839430383469793,Cycle-Aware Planner
20019,20.009,20.3476,0.33859999999999957,1.6922384926782996,Cycle-Aware Planner
20020,21.6808,19.7305,-1.9503000000000021,-8.995516770598877,Lookahead Planner
20021,17.9834,20.0721,2.0886999999999993,11.614600131232123,Cycle-Aware Planner
20022,17.9466,18.6669,0.7202999999999982,4.013573601684994,Cycle-Aware Planner
20023,18.2767,17.0425,-1.2342000000000013,-6.752860199051258,Lookahead Planner
20024,20.1077,20.6835,0.5757999999999974,2.863579623726231,Cycle-Aware Planner
20025,20.92,17.0273,-3.8927000000000014,-18.607552581261956,Lookahead Planner
20026,20.6979,20.8578,0.15990000000000038,0.7725421419564338,Cycle-Aware Planner
20027,16.6801,20.8468,4.166700000000002,24.980066066750204,Cycle-Aware Planner
20028,19.3322,19.9022,0.5700000000000003,2.948448702165307,Cycle-Aware Planner
20029,15.6294,16.1609,0.5315000000000012,3.4006423791060447,Cycle-Aware Planner
20030,18.508,17.8412,-0.6667999999999985,-3.6027663712988933,Lookahead Planner
20031,18.7132,19.0193,0.3061000000000007,1.6357437530726937,Cycle-Aware Planner
20032,17.9215,18.2312,0.3096999999999994,1.7280919565884512,Cycle-Aware Planner
20033,15.6418,22.1213,6.479500000000002,41.42426063496529,Cycle-Aware Planner
20034,18.4491,18.6283,0.17919999999999803,0.9713210942539074,Cycle-Aware Planner
20035,18.482,20.1466,1.6646,9.00660101720594,Cycle-Aware Planner
20036,21.0218,22.9885,1.9666999999999994,9.355526168073137,Cycle-Aware Planner
20037,16.567,18.3888,1.8217999999999996,10.996559425363683,Cycle-Aware Planner
20038,18.3768,19.1174,0.7406000000000006,4.030081406991437,Cycle-Aware Planner
20039,18.877,18.7965,-0.08049999999999713,-0.42644488001269965,Lookahead Planner
20040,20.3646,20.4857,0.12110000000000198,0.5946593598695982,Cycle-Aware Planner
20041,19.4742,19.513,0.038800000000001944,0.1992379661295507,Cycle-Aware Planner
20042,18.4759,16.963,-1.5128999999999984,-8.188505025465599,Lookahead Planner
20043,19.9409,19.9733,0.032399999999999096,0.16248012878055107,Cycle-Aware Planner
20044,16.9887,16.9028,-0.08590000000000231,-0.5056302130239665,Lookahead Planner
20045,19.0445,19.7366,0.6920999999999999,3.634120087164283,Cycle-Aware Planner
20046,19.6751,20.0267,0.35160000000000124,1.7870303073427962,Cycle-Aware Planner
20047,19.9499,21.0019,1.0519999999999996,5.273209389520739,Cycle-Aware Planner
20048,18.48,19.3937,0.9136999999999986,4.9442640692640705,Cycle-Aware Planner
20049,17.6564,17.365,-0.291400000000003,-1.6503930586076576,Lookahead Planner
20050,18.6628,17.6027,-1.060100000000002,-5.680283773067285,Lookahead Planner
20051,21.0185,18.9707,-2.0477999999999987,-9.742845588410209,Lookahead Planner
20052,17.4797,18.5257,1.0459999999999994,5.9840843950411005,Cycle-Aware Planner
20053,19.5665,19.3384,-0.2281000000000013,-1.165768021874125,Lookahead Planner
20054,20.1236,19.3297,-0.7939000000000007,-3.945119163569144,Lookahead Planner
20055,19.29,20.4491,1.1591000000000022,6.00881285640229,Cycle-Aware Planner
20056,20.2252,22.012,1.7867999999999995,8.834523268002293,Cycle-Aware Planner
20057,17.4412,18.1124,0.6712000000000025,3.8483590578630045,Cycle-Aware Planner
20058,17.1265,18.3677,1.2411999999999992,7.247248416197127,Cycle-Aware Planner
20059,19.1255,17.8295,-1.2959999999999994,-6.7762934302371125,Lookahead Planner
20060,16.0198,17.8343,1.814499999999999,11.32660832220127,Cycle-Aware Planner
20061,18.9253,22.2487,3.3233999999999995,17.560619910912912,Cycle-Aware Planner
20062,19.263,21.6128,2.3497999999999983,12.198515288376676,Cycle-Aware Planner
20063,20.8352,21.2763,0.4410999999999987,2.117090308708325,Cycle-Aware Planner
20064,16.3109,17.0109,0.6999999999999993,4.291608678858916,Cycle-Aware Planner
20065,18.7967,18.6668,-0.1299000000000028,-0.6910787531854146,Lookahead Planner
20066,20.4554,20.6044,0.14899999999999736,0.7284140129256711,Cycle-Aware Planner
20067,19.9243,20.458,0.5336999999999996,2.6786386472799517,Cycle-Aware Planner
20068,15.9884,17.0395,1.0511,6.574141252408006,Cycle-Aware Planner
20069,19.1302,17.424,-1.706199999999999,-8.918882186281374,Lookahead Planner
20070,18.0733,18.1093,0.036000000000001364,0.19918885870318093,Cycle-Aware Planner
20071,17.1713,21.5385,4.3672,25.433135522645344,Cycle-Aware Planner
20072,20.2527,20.5383,0.28559999999999874,1.4101823460575647,Cycle-Aware Planner
20073,18.9072,19.5368,0.6295999999999999,3.329948379453329,Cycle-Aware Planner
20074,18.2873,17.0516,-1.2356999999999978,-6.757148403536872,Lookahead Planner
20075,20.3521,21.3781,1.0259999999999998,5.0412488146186485,Cycle-Aware Planner
20076,19.0367,19.0524,0.015699999999998937,0.0824722772329256,Cycle-Aware Planner
20077,17.1404,22.788,5.647600000000001,32.949056031364506,Cycle-Aware Planner
20078,18.7049,18.9753,0.2704000000000022,1.4456105084764026,Cycle-Aware Planner
20079,19.5155,20.3204,0.8049,4.124413927391046,Cycle-Aware Planner
20080,15.7107,20.6518,4.941100000000002,31.450540077781408,Cycle-Aware Planner
20081,17.4537,18.2691,0.8154000000000003,4.671788789769504,Cycle-Aware Planner
20082,21.5532,19.74,-1.813200000000002,-8.412671900228286,Lookahead Planner
20083,18.4159,18.1476,-0.2683,-1.4568932281343816,Lookahead Planner
20084,20.4201,20.5512,0.1311,0.6420144857272936,Cycle-Aware Planner
20085,19.7524,20.6633,0.910899999999998,4.611591502804702,Cycle-Aware Planner
20086,19.7002,19.3045,-0.39569999999999794,-2.0086090496543085,Lookahead Planner
20087,19.3616,19.2615,-0.10009999999999764,-0.5170027270473443,Lookahead Planner
20088,20.1076,19.996,-0.11160000000000281,-0.5550140245479507,Lookahead Planner
20089,17.1011,19.9267,2.8256000000000014,16.5229137306957,Cycle-Aware Planner
20090,18.0599,19.2513,1.1914000000000016,6.59693575268967,Cycle-Aware Planner
20091,20.2186,20.3362,0.11760000000000304,0.5816426458805424,Cycle-Aware Planner
20092,17.349,18.5445,1.1954999999999991,6.890887082828967,Cycle-Aware Planner
20093,18.5382,18.3923,-0.14590000000000103,-0.7870235513696144,Lookahead Planner
20094,20.2304,20.2671,0.03669999999999973,0.18141015501422775,Cycle-Aware Planner
20095,15.5137,15.5107,-0.0030000000000001137,-0.019337746636849396,Lookahead Planner
20096,18.2019,18.0272,-0.17469999999999786,-0.9597899120421416,Lookahead Planner
20097,17.8522,18.4661,0.613900000000001,3.4387918575861764,Cycle-Aware Planner
20098,18.9847,20.0261,1.0413999999999994,5.485469878375748,Cycle-Aware Planner
20099,18.7945,15.6557,-3.1388,-16.700630503604774,Lookahead Planner
20100,18.4933,18.5619,0.0686,0.37094515310951426,Cycle-Aware Planner
20101,16.1205,15.7212,-0.3993000000000002,-2.476970317297855,Lookahead Planner
20102,18.812,19.2615,0.44950000000000045,2.3894322772698207,Cycle-Aware Planner
20103,16.4207,17.6924,1.2716999999999992,7.744493231104643,Cycle-Aware Planner
20104,17.5597,18.4544,0.8947000000000003,5.095189553352286,Cycle-Aware Planner
20105,19.8887,20.4493,0.5606000000000009,2.8186859875205528,Cycle-Aware Planner
20106,21.3365,21.3458,0.009299999999999642,0.043587280013124285,Cycle-Aware Planner
20107,21.6151,21.1743,-0.44080000000000297,-2.0393151084195926,Lookahead Planner
20108,17.6868,17.5918,-0.09500000000000242,-0.5371237306918242,Lookahead Planner
20109,20.2625,19.8991,-0.3633999999999986,-1.7934608266502061,Lookahead Planner
20110,18.7632,18.3124,-0.450800000000001,-2.4025752536880773,Lookahead Planner
20111,19.4627,17.1956,-2.267100000000003,-11.648435211969577,Lookahead Planner
20112,20.8921,21.1776,0.28550000000000253,1.3665452491611774,Cycle-Aware Planner
20113,20.3321,20.3552,0.023099999999999454,0.11361344868459078,Cycle-Aware Planner
20114,18.0592,18.2094,0.1501999999999981,0.8317090458048959,Cycle-Aware Planner
20115,18.9231,19.3477,0.4245999999999981,2.243818401847464,Cycle-Aware Planner
20116,15.6682,15.9311,0.26290000000000013,1.6779208843389792,Cycle-Aware Planner
20117,17.6702,17.8067,0.13649999999999807,0.7724870120315419,Cycle-Aware Planner
20118,16.4824,15.3936,-1.088799999999999,-6.605834101829822,Lookahead Planner
20119,17.4251,17.2219,-0.20319999999999894,-1.1661339102788437,Lookahead Planner
20120,18.5179,19.9131,1.395199999999999,7.534331646676984,Cycle-Aware Planner
20121,19.6829,21.7215,2.038599999999999,10.357213621976435,Cycle-Aware Planner
20122,20.4565,19.4778,-0.9786999999999999,-4.784298389265029,Lookahead Planner
20123,18.8726,19.5011,0.6285000000000025,3.330224770301937,Cycle-Aware Planner
20124,19.0769,19.162,0.08510000000000062,0.44608924930151783,Cycle-Aware Planner
20125,21.2082,21.0429,-0.165300000000002,-0.779415509095549,Lookahead Planner
20126,22.2756,19.2722,-3.003399999999999,-13.48291404047478,Lookahead Planner
20127,20.2639,20.7501,0.4862000000000002,2.399340699470498,Cycle-Aware Planner
20128,17.4137,17.6248,0.21110000000000184,1.2122639071535657,Cycle-Aware Planner
20129,19.6046,20.9498,1.3451999999999984,6.861654917723392,Cycle-Aware Planner
20130,15.6345,18.3245,2.6900000000000013,17.20553903226838,Cycle-Aware Planner
20131,20.3626,20.4332,0.07059999999999889,0.34671407384125885,Cycle-Aware Planner
20132,17.2141,17.998,0.7839000000000027,4.553825062013139,Cycle-Aware Planner
20133,19.6009,19.2588,-0.3420999999999985,-1.7453280206521038,Lookahead Planner
20134,20.7069,21.2168,0.5098999999999982,2.462464202753667,Cycle-Aware Planner
20135,20.8352,21.0146,0.17940000000000111,0.8610428505605894,Cycle-Aware Planner
20136,17.9827,17.4474,-0.535300000000003,-2.9767498762699907,Lookahead Planner
20137,20.7882,20.1976,-0.5905999999999985,-2.8410348178293354,Lookahead Planner
20138,16.766,16.5929,-0.17309999999999803,-1.03244661815578,Lookahead Planner
20139,19.0162,20.6402,1.6239999999999988,8.540086873297504,Cycle-Aware Planner
20140,18.9349,18.6746,-0.2602999999999973,-1.374710191234163,Lookahead Planner
20141,20.8988,20.8763,-0.022500000000000853,-0.10766168392444264,Lookahead Planner
20142,17.7976,16.1128,-1.6847999999999992,-9.466444913920979,Lookahead Planner
20143,20.7291,21.0672,0.33810000000000073,1.631040421436536,Cycle-Aware Planner
20144,20.3461,20.8402,0.49409999999999954,2.4284752360403283,Cycle-Aware Planner
20145,20.9902,21.2843,0.29410000000000025,1.4011300511667324,Cycle-Aware Planner
20146,18.864,19.133,0.26899999999999835,1.4259966072942998,Cycle-Aware Planner
20147,18.3504,18.8536,0.5031999999999996,2.74217455750283,Cycle-Aware Planner
20148,20.1277,19.894,-0.23370000000000246,-1.16108646293418,Lookahead Planner
20149,20.3653,19.4162,-0.9491000000000014,-4.660378192317327,Lookahead Planner
20150,19.5239,19.3637,-0.16019999999999968,-0.8205327828968545,Lookahead Planner
20151,19.0323,19.8479,0.8155999999999999,4.285346489914521,Cycle-Aware Planner
20152,21.8269,22.6465,0.8196000000000012,3.7549995647572443,Cycle-Aware Planner
20153,20.4256,19.5822,-0.843399999999999,-4.12913206955976,Lookahead Planner
20154,19.1239,18.9615,-0.1623999999999981,-0.8491991696254364,Lookahead Planner
20155,16.1091,19.8038,3.6946999999999974,22.935483670720245,Cycle-Aware Planner
20156,17.3048,19.4734,2.1686000000000014,12.531783089085113,Cycle-Aware Planner
20157,17.8189,18.6058,0.7868999999999993,4.416097514436923,Cycle-Aware Planner
20158,17.8738,20.9828,3.1090000000000018,17.39417471382696,Cycle-Aware Planner
20159,19.7618,20.3319,0.5701,2.8848586667206355,Cycle-Aware Planner
20160,21.7686,22.0121,0.24350000000000094,1.1185836480067657,Cycle-Aware Planner
20161,17.9967,18.3739,0.3771999999999984,2.095939811187608,Cycle-Aware Planner
20162,18.6779,19.0899,0.41199999999999903,2.2058154289293697,Cycle-Aware Planner
20163,19.1005,18.3268,-0.7737000000000016,-4.0506793015889775,Lookahead Planner
20164,21.2914,21.744,0.45260000000000034,2.1257409094751933,Cycle-Aware Planner
20165,19.7375,19.7461,0.00859999999999772,0.04357188093728759,Cycle-Aware Planner
20166,22.2655,22.615,0.34949999999999903,1.5696930228380257,Cycle-Aware Planner
20167,20.5042,20.9132,0.4089999999999989,1.994713278255178,Cycle-Aware Planner
20168,20.8483,20.0054,-0.8428999999999967,-4.043015497666458,Lookahead Planner
20169,20.7205,20.939,0.2184999999999988,1.054511232837041,Cycle-Aware Planner
20170,20.1375,20.579,0.44150000000000134,2.1924270639354537,Cycle-Aware Planner
20171,18.8569,18.4909,-0.36599999999999966,-1.9409340877874937,Lookahead Planner
20172,18.0574,18.0609,0.0034999999999989484,0.019382635373865753,Cycle-Aware Planner
20173,17.0812,18.0417,0.9604999999999997,5.6231412312952145,Cycle-Aware Planner
20174,17.8795,17.3865,-0.49299999999999855,-2.7573478005537,Lookahead Planner
20175,20.9327,20.7728,-0.15990000000000038,-0.7638766141013886,Lookahead Planner
20176,20.18,17.7088,-2.4711999999999996,-12.245787908820615,Lookahead Planner
20177,17.6356,18.3076,0.6720000000000006,3.8104742679579973,Cycle-Aware Planner
20178,17.7665,19.609,1.8425000000000011,10.370641375622668,Cycle-Aware Planner
20179,17.3259,17.9373,0.6113999999999997,3.5288210136269926,Cycle-Aware Planner
20180,18.7441,19.116,0.3719000000000001,1.9840909939661033,Cycle-Aware Planner
20181,19.4206,19.8604,0.4397999999999982,2.2646056249549407,Cycle-Aware Planner
20182,17.0337,17.1718,0.13810000000000144,0.8107457569406673,Cycle-Aware Planner
20183,21.3765,20.9643,-0.41219999999999857,-1.9282857343344229,Lookahead Planner
20184,20.354,19.6854,-0.6685999999999979,-3.284858013166936,Lookahead Planner
20185,18.2728,19.1099,0.8370999999999995,4.581126045269479,Cycle-Aware Planner
20186,20.9457,21.3889,0.4432000000000009,2.115947425963327,Cycle-Aware Planner
20187,19.0558,19.3285,0.27269999999999683,1.4310603595755422,Cycle-Aware Planner
20188,19.3459,19.4726,0.1266999999999996,0.65491913015161,Cycle-Aware Planner
20189,20.4737,20.6989,0.2251999999999974,1.0999477378294875,Cycle-Aware Planner
20190,19.26,18.8965,-0.36350000000000193,-1.8873312564901434,Lookahead Planner
20191,19.7134,19.5379,-0.17549999999999955,-0.890257388375415,Lookahead Planner
20192,19.5418,21.0634,1.521600000000003,7.7863861056811645,Cycle-Aware Planner
20193,18.6836,19.2072,0.5236000000000018,2.8024577704510945,Cycle-Aware Planner
20194,20.3037,18.1516,-2.152100000000001,-10.599545895575691,Lookahead Planner
20195,20.1597,19.5487,-0.6110000000000007,-3.030799069430601,Lookahead Planner
20196,17.6168,17.9469,0.33009999999999806,1.8737795740429553,Cycle-Aware Planner
20197,17.8972,16.3729,-1.5243000000000002,-8.516974722302928,Lookahead Planner
20198,17.3445,17.3243,-0.020199999999999108,-0.1164634322119329,Lookahead Planner
20199,18.0616,18.035,-0.026599999999998403,-0.147273774194967,Lookahead Planner
20200,22.1255,22.1468,0.021300000000000097,0.09626901086980943,Cycle-Aware Planner
20201,19.5699,19.4177,-0.15220000000000056,-0.7777249756002913,Lookahead Planner
20202,18.6786,18.7686,0.08999999999999986,0.481834827021288,Cycle-Aware Planner
20203,15.8366,18.8621,3.025500000000001,19.104479496861714,Cycle-Aware Planner
20204,19.4551,16.6205,-2.834600000000002,-14.569958519873971,Lookahead Planner
20205,18.7425,20.2887,1.546199999999999,8.249699879951965,Cycle-Aware Planner
20206,17.6319,17.8155,0.18359999999999843,1.041294471951404,Cycle-Aware Planner
20207,20.3344,19.0134,-1.320999999999998,-6.496380517743317,Lookahead Planner
20208,17.1475,17.3727,0.2251999999999974,1.3133109782766939,Cycle-Aware Planner
20209,19.8324,18.786,-1.0463999999999984,-5.276214679010094,Lookahead Planner
20210,17.1946,19.8692,2.674599999999998,15.554883509939167,Cycle-Aware Planner
20211,17.7346,17.1169,-0.6176999999999992,-3.4830218894139064,Lookahead Planner
20212,20.3288,21.5839,1.2550999999999988,6.173999449057499,Cycle-Aware Planner
20213,20.2641,21.1073,0.8431999999999995,4.16105329128853,Cycle-Aware Planner
20214,15.7646,15.9691,0.20449999999999946,1.2972102051431733,Cycle-Aware Planner
20215,20.7347,21.6902,0.9555000000000007,4.608217143242976,Cycle-Aware Planner
20216,16.5535,17.536,0.9825000000000017,5.935300691696632,Cycle-Aware Planner
20217,19.4809,20.3199,0.8390000000000022,4.306782540847709,Cycle-Aware Planner
20218,17.9357,18.6054,0.6696999999999989,3.733893854156789,Cycle-Aware Planner
20219,15.6835,18.3269,2.643399999999998,16.85465616730959,Cycle-Aware Planner
20220,18.0946,19.2941,1.1995000000000005,6.629049550694677,Cycle-Aware Planner
20221,16.4855,16.6391,0.15360000000000085,0.9317278820782038,Cycle-Aware Planner
20222,18.0617,19.1408,1.0791000000000004,5.974520670811723,Cycle-Aware Planner
20223,18.5382,19.5526,1.014400000000002,5.471944417473118,Cycle-Aware Planner
20224,18.0804,18.6098,0.529399999999999,2.928032565651195,Cycle-Aware Planner
20225,20.0575,19.9204,-0.13710000000000022,-0.6835348373426364,Lookahead Planner
20226,19.0222,18.2614,-0.7608000000000033,-3.9995373826371416,Lookahead Planner
20227,19.9056,20.0334,0.12780000000000058,0.6420303834096863,Cycle-Aware Planner
20228,18.4948,18.6109,0.11609999999999943,0.6277440145338042,Cycle-Aware Planner
20229,20.9379,19.0825,-1.8553999999999995,-8.861442647065843,Lookahead Planner
20230,18.47,19.6999,1.2299000000000007,6.658906334596648,Cycle-Aware Planner
20231,17.4643,18.5093,1.0449999999999982,5.983635187210479,Cycle-Aware Planner
20232,18.4617,15.6587,-2.803000000000001,-15.182783817308266,Lookahead Planner
20233,18.9362,18.5505,-0.38569999999999993,-2.0368394926120303,Lookahead Planner
20234,19.5307,19.2786,-0.25209999999999866,-1.2907883485998917,Lookahead Planner
20235,17.2699,18.6453,1.375399999999999,7.964145710166237,Cycle-Aware Planner
20236,20.0937,20.5154,0.4217000000000013,2.0986677416304778,Cycle-Aware Planner
20237,20.0459,20.5552,0.5092999999999996,2.5406691642680057,Cycle-Aware Planner
20238,18.4923,18.3072,-0.1850999999999985,-1.0009571551402363,Lookahead Planner
20239,18.7552,18.4083,-0.346899999999998,-1.849620371950167,Lookahead Planner
20240,17.3253,20.2644,2.9391,16.964208411975545,Cycle-Aware Planner
20241,18.7306,18.9854,0.25479999999999947,1.360340832648177,Cycle-Aware Planner
20242,19.4742,19.0337,-0.4405000000000001,-2.2619671154655907,Lookahead Planner
20243,17.9387,17.6645,-0.27420000000000044,-1.5285388573307968,Lookahead Planner
20244,19.5667,19.3696,-0.1971000000000025,-1.0073236672510033,Lookahead Planner
20245,18.6365,18.9778,0.34129999999999683,1.8313524535186199,Cycle-Aware Planner
20246,18.2681,18.8574,0.5892999999999979,3.2258417678904694,Cycle-Aware Planner
20247,23.7655,19.2147,-4.550799999999999,-19.148766068460578,Lookahead Planner
20248,17.3651,19.3668,2.0016999999999996,11.527143523504035,Cycle-Aware Planner
20249,18.0436,18.119,0.07539999999999836,0.4178766986632221,Cycle-Aware Planner
20250,22.4221,21.335,-1.0870999999999995,-4.848341591554761,Lookahead Planner
20251,18.7308,17.0096,-1.7211999999999996,-9.189143015781486,Lookahead Planner
20252,18.2695,18.6935,0.4239999999999995,2.320807903883515,Cycle-Aware Planner
20253,19.227,17.5052,-1.7218000000000018,-8.95511520257971,Lookahead Planner
20254,16.7246,17.6441,0.9195000000000029,5.497889336665773,Cycle-Aware Planner
20255,19.0764,19.4784,0.402000000000001,2.107315845757074,Cycle-Aware Planner
20256,19.2303,19.5484,0.31810000000000116,1.6541603615128242,Cycle-Aware Planner
20257,20.7152,21.6726,0.9573999999999998,4.621727041013357,Cycle-Aware Planner
20258,17.101,19.2567,2.1556999999999995,12.60569557335829,Cycle-Aware Planner
20259,17.7707,18.5465,0.7758000000000003,4.3656130596994025,Cycle-Aware Planner
20260,15.8352,16.37,0.5348000000000006,3.3772860462766507,Cycle-Aware Planner
20261,19.3008,19.9053,0.6045000000000016,3.1319945287242135,Cycle-Aware Planner
20262,17.1541,17.2171,0.06299999999999883,0.36725913921451525,Cycle-Aware Planner
20263,20.5859,20.4646,-0.12129999999999797,-0.5892382650260486,Lookahead Planner
20264,18.7781,18.855,0.07690000000000197,0.40951959995954024,Cycle-Aware Planner
20265,16.6965,19.2537,2.557199999999998,15.315784745305884,Cycle-Aware Planner
20266,19.7375,20.2907,0.5532000000000004,2.80278657378088,Cycle-Aware Planner
20267,19.4476,17.8161,-1.6315000000000026,-8.389209979637602,Lookahead Planner
20268,20.9559,20.1268,-0.8291000000000004,-3.9564036858354967,Lookahead Planner
20269,18.1535,18.759,0.6054999999999993,3.3354449555182075,Cycle-Aware Planner
20270,18.7014,20.0916,1.3902,7.433668067631305,Cycle-Aware Planner
20271,21.1344,21.1838,0.04940000000000211,0.23374214550686556,Cycle-Aware Planner
20272,19.2587,19.971,0.712299999999999,3.698588170541095,Cycle-Aware Planner
20273,20.9844,21.2748,0.2903999999999982,1.3838851718419365,Cycle-Aware Planner
20274,18.3652,19.4477,1.0824999999999996,5.89430008929932,Cycle-Aware Planner
20275,17.5665,18.4532,0.8866999999999976,5.047675974155341,Cycle-Aware Planner
20276,18.6044,18.7226,0.11820000000000164,0.6353335770032942,Cycle-Aware Planner
20277,16.9093,17.0,0.09069999999999823,0.5363912166677309,Cycle-Aware Planner
20278,18.1813,18.8569,0.6755999999999993,3.7159059033182507,Cycle-Aware Planner
20279,17.8473,20.2554,2.408100000000001,13.492797229833098,Cycle-Aware Planner
20280,16.7245,16.5333,-0.19119999999999848,-1.1432329815539988,Lookahead Planner
20281,19.7408,19.6073,-0.1335000000000015,-0.6762643864483775,Lookahead Planner
20282,21.4355,21.6501,0.21459999999999724,1.0011429637750258,Cycle-Aware Planner
20283,20.8276,20.6471,-0.1805000000000021,-0.8666384989149067,Lookahead Planner
20284,18.2863,19.8012,1.5149000000000008,8.284344017105717,Cycle-Aware Planner
20285,19.1406,19.1391,-0.0015000000000000568,-0.007836744929623496,Lookahead Planner
20286,21.1782,21.4777,0.2994999999999983,1.414190063367049,Cycle-Aware Planner
20287,19.8875,18.7084,-1.1790999999999983,-5.928849780012557,Lookahead Planner
20288,19.9799,20.535,0.5550999999999995,2.7782921836445595,Cycle-Aware Planner
20289,19.229,20.5937,1.3646999999999991,7.097092932549787,Cycle-Aware Planner
20290,17.9061,18.3815,0.4754000000000005,2.6549611584878896,Cycle-Aware Planner
20291,21.1317,21.1166,-0.015100000000000335,-0.07145662677399134,Lookahead Planner
20292,16.6011,16.4533,-0.14780000000000015,-0.8903024498376655,Lookahead Planner
20293,19.7679,18.6829,-1.0850000000000009,-5.488696320802921,Lookahead Planner
20294,17.4591,21.1968,3.7377000000000002,21.408320016495708,Cycle-Aware Planner
20295,18.2523,17.5007,-0.7516000000000034,-4.117837204078412,Lookahead Planner
20296,18.4741,18.2851,-0.18900000000000006,-1.0230538970775305,Lookahead Planner
20297,16.3453,15.7999,-0.5454000000000025,-3.336739001425504,Lookahead Planner
20298,18.211,18.059,-0.15199999999999747,-0.8346603701059663,Lookahead Planner
20299,19.0635,19.2061,0.14259999999999806,0.7480263330448045,Cycle-Aware Planner
20300,19.218,18.8393,-0.3786999999999985,-1.9705484441669197,Lookahead Planner
20301,20.5573,19.4488,-1.108500000000003,-5.392245090551784,Lookahead Planner
20302,20.1624,21.1149,0.952499999999997,4.724139983335296,Cycle-Aware Planner
20303,19.8215,20.1511,0.3295999999999992,1.6628408546275564,Cycle-Aware Planner
20304,19.3256,18.2096,-1.1160000000000032,-5.774723682576499,Lookahead Planner
20305,18.6511,19.1518,0.5007000000000019,2.6845601599905677,Cycle-Aware Planner
20306,20.2787,21.055,0.7762999999999991,3.8281546647467524,Cycle-Aware Planner
20307,21.6528,21.7713,0.11850000000000094,0.547273331855469,Cycle-Aware Planner
20308,17.4293,19.1095,1.6801999999999992,9.640088815959324,Cycle-Aware Planner
20309,18.1486,18.5266,0.3780000000000001,2.082805285256173,Cycle-Aware Planner
20310,21.8745,22.1558,0.2812999999999981,1.2859722507942983,Cycle-Aware Planner
20311,20.2682,20.2531,-0.015100000000000335,-0.0745009423629095,Lookahead Planner
20312,18.6847,18.8126,0.12790000000000035,0.6845172788431109,Cycle-Aware Planner
20313,17.2685,17.5095,0.24099999999999966,1.3956047137852146,Cycle-Aware Planner
20314,18.837,17.638,-1.198999999999998,-6.365132452088962,Lookahead Planner
20315,22.6045,22.3806,-0.22390000000000043,-0.9905107390121404,Lookahead Planner
20316,20.7044,17.2081,-3.496299999999998,-16.88674871041903,Lookahead Planner
20317,19.7604,19.0627,-0.6977000000000011,-3.5307989716807375,Lookahead Planner
20318,16.6988,17.2581,0.5593000000000004,3.349342467722227,Cycle-Aware Planner
20319,18.5747,17.9432,-0.6314999999999991,-3.399785730052163,Lookahead Planner
20320,17.5097,18.1213,0.6116000000000028,3.4929210666088117,Cycle-Aware Planner
20321,20.47,18.9672,-1.5028000000000006,-7.341475329750857,Lookahead Planner
20322,17.7708,18.161,0.3902000000000001,2.1957368267044863,Cycle-Aware Planner
20323,17.2187,19.2999,2.0812000000000026,12.086859054400168,Cycle-Aware Planner
20324,18.6025,18.2505,-0.3520000000000003,-1.8922187877973395,Lookahead Planner
20325,20.8517,20.908,0.05630000000000024,0.27000196626654205,Cycle-Aware Planner
20326,18.6024,19.3043,0.701900000000002,3.773169053455483,Cycle-Aware Planner
20327,18.3528,18.6187,0.265900000000002,1.4488252473737084,Cycle-Aware Planner
20328,19.6299,19.7632,0.13330000000000197,0.679066118523286,Cycle-Aware Planner
20329,20.362,20.6183,0.2563000000000031,1.2587172183479156,Cycle-Aware Planner
20330,20.5826,20.4476,-0.134999999999998,-0.6558938132208647,Lookahead Planner
20331,18.2232,18.7433,0.5201000000000029,2.8540541727029467,Cycle-Aware Planner
20332,16.8212,16.7284,-0.09280000000000044,-0.5516847787315982,Lookahead Planner
20333,21.4772,22.2597,0.7824999999999989,3.6433985808205893,Cycle-Aware Planner
20334,17.3778,18.2609,0.8830999999999989,5.081770995177748,Cycle-Aware Planner
20335,17.5423,17.9502,0.40789999999999793,2.3252367135438323,Cycle-Aware Planner
20336,18.0797,18.8888,0.8091000000000008,4.475184875855254,Cycle-Aware Planner
20337,21.5202,21.0026,-0.5175999999999981,-2.4051821079729696,Lookahead Planner
20338,19.0517,19.3862,0.33449999999999847,1.7557488308129976,Cycle-Aware Planner
20339,18.525,16.892,-1.6329999999999991,-8.815114709851546,Lookahead Planner
20340,20.151,18.8876,-1.2634000000000007,-6.269664036524247,Lookahead Planner
20341,18.8501,18.5367,-0.31340000000000146,-1.6625906493864862,Lookahead Planner
20342,17.3222,18.9217,1.5995000000000026,9.233815566152126,Cycle-Aware Planner
20343,17.7892,17.6068,-0.18240000000000123,-1.0253412182672728,Lookahead Planner
20344,20.0934,16.5376,-3.555799999999998,-17.696358008102152,Lookahead Planner
20345,19.2782,19.9082,0.6300000000000026,3.2679399529001785,Cycle-Aware Planner
20346,19.145,19.3838,0.23880000000000123,1.2473230608514019,Cycle-Aware Planner
20347,19.0731,20.2935,1.2204000000000015,6.398540352643267,Cycle-Aware Planner
20348,19.466,20.0879,0.6219000000000001,3.194801191821628,Cycle-Aware Planner
20349,17.8415,17.983,0.14150000000000063,0.7930947510018882,Cycle-Aware Planner
20350,18.7803,19.2414,0.4610999999999983,2.455232344531222,Cycle-Aware Planner
20351,20.2336,21.2938,1.0602000000000018,5.23979914597501,Cycle-Aware Planner
20352,17.0304,16.1056,-0.9248000000000012,-5.43028936490042,Lookahead Planner
20353,19.3453,20.0283,0.6829999999999998,3.530573317550001,Cycle-Aware Planner
20354,17.3989,18.9532,1.5542999999999978,8.933323371017687,Cycle-Aware Planner
20355,21.4487,20.4158,-1.032899999999998,-4.815676474564878,Lookahead Planner
20356,19.2827,19.4557,0.17300000000000182,0.897177262520299,Cycle-Aware Planner
20357,16.2725,20.346,4.073499999999999,25.033031187586417,Cycle-Aware Planner
20358,20.0003,19.574,-0.4262999999999977,-2.131468027979566,Lookahead Planner
20359,16.5377,17.048,0.5102999999999973,3.0856769683813123,Cycle-Aware Planner
20360,16.4928,16.8119,0.3191000000000024,1.9347836631742554,Cycle-Aware Planner
20361,18.2883,16.8793,-1.408999999999999,-7.704379302614239,Lookahead Planner
20362,19.9168,18.1762,-1.740599999999997,-8.739355719794329,Lookahead Planner
20363,19.3652,20.1965,0.8312999999999988,4.292751946791151,Cycle-Aware Planner
20364,21.2079,21.5866,0.37870000000000203,1.7856553454137503,Cycle-Aware Planner
20365,18.6806,19.3487,0.6681000000000026,3.576437587657799,Cycle-Aware Planner
20366,17.9882,16.7695,-1.2186999999999983,-6.774996942440037,Lookahead Planner
20367,18.5787,19.0264,0.44769999999999754,2.4097487983550936,Cycle-Aware Planner
20368,20.7589,20.6032,-0.1556999999999995,-0.7500397419901828,Lookahead Planner
20369,18.9661,20.0689,1.1027999999999984,5.814584970025449,Cycle-Aware Planner
20370,18.3155,19.8116,1.4960999999999984,8.168491168682257,Cycle-Aware Planner
20371,17.7469,17.9924,0.24549999999999983,1.383340188990756,Cycle-Aware Planner
20372,20.3964,20.744,0.3475999999999999,1.7042223137416324,Cycle-Aware Planner
20373,20.6047,20.6462,0.041499999999999204,0.20141035783096672,Cycle-Aware Planner
20374,16.7347,19.294,2.5593000000000004,15.293372453644217,Cycle-Aware Planner
20375,16.8726,19.5998,2.7272,16.163483991797346,Cycle-Aware Planner
20376,19.4248,19.6708,0.24599999999999866,1.266422305506354,Cycle-Aware Planner
20377,17.392,17.6022,0.2102000000000004,1.208601655933772,Cycle-Aware Planner
20378,16.7745,16.2385,-0.5360000000000014,-3.195326239232177,Lookahead Planner
20379,20.2276,20.4406,0.21300000000000097,1.053016670292073,Cycle-Aware Planner
20380,19.4943,17.1902,-2.3040999999999983,-11.819352323499677,Lookahead Planner
20381,21.1096,21.2033,0.09369999999999834,0.44387387728805905,Cycle-Aware Planner
20382,19.5083,20.0358,0.5274999999999999,2.703977281464809,Cycle-Aware Planner
20383,18.6999,17.1759,-1.524000000000001,-8.149776202011783,Lookahead Planner
20384,15.998,18.4561,2.4581,15.365045630703843,Cycle-Aware Planner
20385,21.6221,22.2775,0.6554000000000002,3.0311579356306684,Cycle-Aware Planner
20386,18.5131,18.3147,-0.19840000000000302,-1.0716735716870929,Lookahead Planner
20387,19.4591,19.6948,0.23570000000000135,1.2112584857470354,Cycle-Aware Planner
20388,18.1283,18.1295,0.001200000000000756,0.006619484452485835,Cycle-Aware Planner
20389,15.6715,16.8466,1.1750999999999987,7.498324984845084,Cycle-Aware Planner
20390,17.3132,17.6142,0.30100000000000193,1.7385578633643872,Cycle-Aware Planner
20391,17.9345,17.4018,-0.5326999999999984,-2.9702528645905835,Lookahead Planner
20392,16.6742,19.588,2.913800000000002,17.474901344592265,Cycle-Aware Planner
20393,18.2879,18.4766,0.18870000000000076,1.0318297890955286,Cycle-Aware Planner
20394,19.3389,17.0476,-2.2912999999999997,-11.848140276851316,Lookahead Planner
20395,20.3602,20.43,0.06980000000000075,0.34282570898125364,Cycle-Aware Planner
20396,16.6894,15.9979,-0.6914999999999996,-4.143348472683261,Lookahead Planner
20397,20.326,19.9115,-0.4145000000000003,-2.03926006100561,Lookahead Planner
20398,22.3456,19.9899,-2.3557000000000023,-10.542120148933131,Lookahead Planner
20399,17.0626,18.4338,1.3712000000000018,8.036289897202087,Cycle-Aware Planner
20400,17.6558,18.1598,0.5040000000000013,2.854586028387285,Cycle-Aware Planner
20401,19.0943,18.9013,-0.1930000000000014,-1.0107728484416878,Lookahead Planner
20402,19.8771,19.7274,-0.14969999999999928,-0.7531279713841488,Lookahead Planner
20403,16.4296,16.4655,0.035899999999998045,0.21850805862588807,Cycle-Aware Planner
20404,20.6877,18.8901,-1.7975999999999992,-8.689221131396918,Lookahead Planner
20405,16.8762,17.7364,0.860199999999999,5.097119019684526,Cycle-Aware Planner
20406,19.9202,20.8502,0.9299999999999997,4.668627825021843,Cycle-Aware Planner
20407,18.0599,18.7213,0.6614000000000004,3.6622572660978125,Cycle-Aware Planner
20408,17.9691,19.6393,1.6701999999999977,9.294845039540078,Cycle-Aware Planner
20409,21.3134,21.5878,0.2744,1.2874529638631005,Cycle-Aware Planner
20410,16.6539,17.0211,0.3672000000000004,2.2048889449318265,Cycle-Aware Planner
20411,16.9383,17.1967,0.2583999999999982,1.5255368012138115,Cycle-Aware Planner
20412,19.8486,18.9252,-0.9234000000000009,-4.652217284846294,Lookahead Planner
20413,18.7596,17.5934,-1.1662,-6.216550459498071,Lookahead Planner
20414,20.6165,20.4778,-0.13870000000000005,-0.672762108020275,Lookahead Planner
20415,17.1497,18.6445,1.4948000000000015,8.71618745517415,Cycle-Aware Planner
20416,17.4466,18.2174,0.7708000000000013,4.418052801118844,Cycle-Aware Planner
20417,17.3956,18.9909,1.5952999999999982,9.17070983467083,Cycle-Aware Planner
20418,16.873,19.4138,2.5407999999999973,15.058377289160173,Cycle-Aware Planner
20419,20.2372,19.3565,-0.8807000000000009,-4.351886624631874,Lookahead Planner
20420,18.4694,17.526,-0.9434000000000005,-5.107908215751467,Lookahead Planner
20421,19.7241,19.2073,-0.5167999999999999,-2.62014489888005,Lookahead Planner
20422,21.7718,20.4889,-1.282899999999998,-5.892484773881801,Lookahead Planner
20423,19.7478,20.7207,0.9728999999999992,4.926624737945495,Cycle-Aware Planner
20424,20.736,21.3919,0.655899999999999,3.1630979938271464,Cycle-Aware Planner
20425,19.3231,19.8489,0.5258000000000003,2.721095476398716,Cycle-Aware Planner
20426,16.7213,19.0491,2.3278,13.921166416486752,Cycle-Aware Planner
20427,19.1419,19.9159,0.7740000000000009,4.043485756377385,Cycle-Aware Planner
20428,18.4651,23.017,4.5519,24.651369339998162,Cycle-Aware Planner
20429,19.4757,20.1168,0.6411000000000016,3.291794389932079,Cycle-Aware Planner
20430,15.3781,17.6492,2.2711000000000006,14.768404419271564,Cycle-Aware Planner
20431,17.8199,21.2222,3.4023000000000003,19.09269973456642,Cycle-Aware Planner
20432,20.5638,22.1935,1.6296999999999997,7.925091665937223,Cycle-Aware Planner
20433,18.8756,19.8074,0.9318000000000026,4.936531818856094,Cycle-Aware Planner
20434,17.6132,19.3552,1.7420000000000009,9.89030954057184,Cycle-Aware Planner
20435,18.7435,18.516,-0.2275000000000027,-1.2137541014218378,Lookahead Planner
20436,19.5522,20.5073,0.9551000000000016,4.8848722905862285,Cycle-Aware Planner
20437,18.8443,16.1695,-2.674800000000001,-14.19421257356337,Lookahead Planner
20438,23.2321,23.0443,-0.1877999999999993,-0.8083642890655551,Lookahead Planner
20439,17.2635,19.7238,2.4603,14.251455382743949,Cycle-Aware Planner
20440,19.6265,20.3576,0.7311000000000014,3.725065600081523,Cycle-Aware Planner
20441,18.5002,22.2797,3.7794999999999987,20.429508870174363,Cycle-Aware Planner
20442,16.7388,17.5723,0.8334999999999972,4.9794489449661805,Cycle-Aware Planner
20443,19.3451,19.0374,-0.307699999999997,-1.5905836620125902,Lookahead Planner
20444,20.5028,17.5611,-2.941700000000001,-14.34779639854069,Lookahead Planner
20445,19.3139,20.3576,1.0437000000000012,5.403880107073156,Cycle-Aware Planner
20446,18.5865,17.3731,-1.2134,-6.528394264654458,Lookahead Planner
20447,17.8926,17.4436,-0.4490000000000016,-2.509417301007133,Lookahead Planner
20448,16.5419,18.022,1.4801000000000002,8.94758159582636,Cycle-Aware Planner
20449,19.2202,19.2348,0.0146000000000015,0.07596174857702476,Cycle-Aware Planner
20450,19.7946,18.768,-1.0265999999999984,-5.186262920190343,Lookahead Planner
20451,16.3963,18.2249,1.8286000000000016,11.152516116440925,Cycle-Aware Planner
20452,18.0402,18.8134,0.7732000000000028,4.285983525681547,Cycle-Aware Planner
20453,19.2496,19.1247,-0.12490000000000023,-0.6488446513174262,Lookahead Planner
20454,21.8722,19.0719,-2.8003,-12.803010213878807,Lookahead Planner
20455,15.9337,18.2336,2.299899999999999,14.434186660976422,Cycle-Aware Planner
20456,18.1841,19.0835,0.8994,4.946079267051995,Cycle-Aware Planner
20457,17.1925,18.1758,0.9832999999999998,5.71935436963793,Cycle-Aware Planner
20458,20.5058,19.9947,-0.511099999999999,-2.4924655463332224,Lookahead Planner
20459,19.6051,19.0129,-0.5922000000000018,-3.020642587898059,Lookahead Planner
20460,16.6869,17.3512,0.6642999999999972,3.980967105933386,Cycle-Aware Planner
20461,18.1058,19.5478,1.4420000000000002,7.964298733002684,Cycle-Aware Planner
20462,18.7191,19.0218,0.30269999999999797,1.6170649229930723,Cycle-Aware Planner
20463,17.476,17.6916,0.215600000000002,1.2336919203479235,Cycle-Aware Planner
20464,17.0185,17.8501,0.8316000000000017,4.8864471016834665,Cycle-Aware Planner
20465,17.4663,17.9554,0.48910000000000053,2.800249623560802,Cycle-Aware Planner
20466,15.8912,18.4173,2.5261000000000013,15.896219291180035,Cycle-Aware Planner
20467,19.0737,20.3954,1.3216999999999999,6.929436868567707,Cycle-Aware Planner
20468,15.8574,17.1772,1.319799999999999,8.322928096661485,Cycle-Aware Planner
20469,19.7792,20.2926,0.5134000000000007,2.595656042711547,Cycle-Aware Planner
20470,18.7585,19.2992,0.5406999999999975,2.8824266332595716,Cycle-Aware Planner
20471,17.5781,20.3159,2.7378,15.575062151199504,Cycle-Aware Planner
20472,19.748,20.3327,0.584699999999998,2.9608061575855604,Cycle-Aware Planner
20473,19.6513,18.9042,-0.7470999999999997,-3.801784105886119,Lookahead Planner
20474,18.8266,20.1354,1.3088000000000015,6.951865976862526,Cycle-Aware Planner
20475,20.8275,20.8355,0.007999999999999119,0.03841075501140878,Cycle-Aware Planner
20476,19.4934,19.7026,0.20919999999999916,1.0731837442416348,Cycle-Aware Planner
20477,20.2066,17.4296,-2.777000000000001,-13.743034454089265,Lookahead Planner
20478,15.8809,20.2573,4.3764,27.55763212412394,Cycle-Aware Planner
20479,19.2745,19.7339,0.4593999999999987,2.3834600119328586,Cycle-Aware Planner
20480,20.2003,20.1705,-0.02979999999999805,-0.14752256154610954,Lookahead Planner
20481,17.691,18.0123,0.3213000000000008,1.8161777174834803,Cycle-Aware Planner
20482,17.0685,16.8067,-0.2618000000000009,-1.533819609221676,Lookahead Planner
20483,16.6357,15.9111,-0.7246000000000006,-4.355692877366146,Lookahead Planner
20484,19.7205,20.5516,0.8310999999999993,4.214396186709268,Cycle-Aware Planner
20485,21.4436,21.2306,-0.21300000000000097,-0.9933033632412491,Lookahead Planner
20486,19.6234,19.0073,-0.6160999999999994,-3.139619026264562,Lookahead Planner
20487,19.1986,18.6832,-0.5153999999999996,-2.68457074995051,Lookahead Planner
20488,19.2331,19.1994,-0.03369999999999962,-0.17521876348586263,Lookahead Planner
20489,21.6483,18.8045,-2.843799999999998,-13.136366365950202,Lookahead Planner
20490,19.1312,19.0725,-0.0586999999999982,-0.3068286359454664,Lookahead Planner
20491,18.1608,16.2026,-1.958199999999998,-10.782564644729298,Lookahead Planner
20492,19.8081,20.5053,0.6971999999999987,3.5197722143971433,Cycle-Aware Planner
20493,20.6771,20.8314,0.15429999999999922,0.7462361743184376,Cycle-Aware Planner
20494,19.0181,19.5552,0.5370999999999988,2.8241517291422324,Cycle-Aware Planner
20495,21.2429,21.6756,0.43270000000000053,2.036915863653266,Cycle-Aware Planner
20496,20.5719,22.1664,1.5945,7.750864042699024,Cycle-Aware Planner
20497,19.6745,20.6309,0.9564000000000021,4.861114640778674,Cycle-Aware Planner
20498,21.6207,21.8233,0.20260000000000034,0.9370649423931621,Cycle-Aware Planner
20499,19.8213,17.4115,-2.4098000000000006,-12.157628409841937,Lookahead Planner
20500,18.8807,18.07,-0.8107000000000006,-4.293802666214708,Lookahead Planner
20501,20.6573,21.373,0.7157000000000018,3.46463477802037,Cycle-Aware Planner
20502,19.9882,20.5424,0.5542000000000016,2.7726358551545482,Cycle-Aware Planner
20503,19.2799,19.7564,0.4764999999999979,2.4714858479556234,Cycle-Aware Planner
20504,17.0156,17.1903,0.1747000000000014,1.0267049060861844,Cycle-Aware Planner
20505,18.5429,18.9392,0.3963000000000001,2.137206154377158,Cycle-Aware Planner
20506,20.5019,20.6017,0.09980000000000189,0.48678415171277134,Cycle-Aware Planner
20507,18.0225,17.9647,-0.057800000000000296,-0.32071022333194366,Lookahead Planner
20508,18.2941,18.6695,0.37539999999999907,2.0520277029206113,Cycle-Aware Planner
20509,20.2929,20.7317,0.4388000000000005,2.162332638509046,Cycle-Aware Planner
20510,20.0761,19.9793,-0.09680000000000177,-0.4821653608021559,Lookahead Planner
20511,18.0828,20.5134,2.430600000000002,13.441502422191265,Cycle-Aware Planner
20512,15.5658,16.0731,0.5073000000000008,3.2590679566742553,Cycle-Aware Planner
20513,18.9715,18.0982,-0.8733000000000004,-4.603220620404292,Lookahead Planner
20514,19.5326,20.2646,0.7320000000000029,3.7475809672035565,Cycle-Aware Planner
20515,19.6767,19.8069,0.13019999999999854,0.6616963210294369,Cycle-Aware Planner
20516,18.2399,19.3748,1.1349000000000018,6.222073585929766,Cycle-Aware Planner
20517,17.6201,16.9265,-0.6936,-3.9364135277325296,Lookahead Planner
20518,21.0793,20.7709,-0.3083999999999989,-1.4630466856110025,Lookahead Planner
20519,17.7741,18.2257,0.4515999999999991,2.5407756229570033,Cycle-Aware Planner
20520,20.4258,20.7205,0.2947000000000024,1.4427831468045493,Cycle-Aware Planner
20521,17.2157,17.8414,0.6257000000000019,3.634473184360809,Cycle-Aware Planner
20522,18.4329,19.1818,0.748899999999999,4.062844153660028,Cycle-Aware Planner
20523,19.4817,19.4914,0.00969999999999871,0.04979031604017692,Cycle-Aware Planner
20524,18.485,19.0542,0.5692000000000021,3.079253448742225,Cycle-Aware Planner
20525,17.8805,17.1842,-0.6963000000000008,-3.8941864041833307,Lookahead Planner
20526,18.9398,19.145,0.20519999999999783,1.0834327712013758,Cycle-Aware Planner
20527,20.4562,20.6569,0.2007000000000012,0.981120638241717,Cycle-Aware Planner
20528,19.6375,19.9178,0.28030000000000044,1.4273711012094292,Cycle-Aware Planner
20529,15.7104,20.7546,5.0442,32.10739382829209,Cycle-Aware Planner
20530,17.7748,17.7716,-0.0031999999999996476,-0.018003015505096975,Lookahead Planner
20531,19.4064,20.1131,0.7066999999999979,3.6415821584631747,Cycle-Aware Planner
20532,18.0599,17.8539,-0.20599999999999952,-1.1406486193168308,Lookahead Planner
20533,18.5887,16.7378,-1.8508999999999993,-9.95712448960927,Lookahead Planner
20534,22.4474,22.6453,0.19790000000000063,0.8816165792029373,Cycle-Aware Planner
20535,20.4632,19.478,-0.985199999999999,-4.814496266468582,Lookahead Planner
20536,16.8503,18.3852,1.5349000000000004,9.1090366343626,Cycle-Aware Planner
20537,15.5164,17.8018,2.285399999999999,14.728931968755642,Cycle-Aware Planner
20538,20.8746,20.2909,-0.5837000000000003,-2.796221244957986,Lookahead Planner
20539,17.446,18.6323,1.1862999999999992,6.799839504757532,Cycle-Aware Planner
20540,20.5648,20.4816,-0.0832000000000015,-0.4045748074379629,Lookahead Planner
20541,17.3922,17.3959,0.003700000000002035,0.021273904393925847,Cycle-Aware Planner
20542,20.8562,21.0917,0.23549999999999827,1.1291606332888948,Cycle-Aware Planner
20543,16.6886,18.2857,1.5970999999999975,9.57000587227208,Cycle-Aware Planner
20544,17.4273,18.4093,0.9820000000000029,5.634837295507644,Cycle-Aware Planner
20545,17.2283,17.4959,0.26759999999999806,1.5532583017476842,Cycle-Aware Planner
20546,19.8744,19.3758,-0.4985999999999997,-2.508754981282457,Lookahead Planner
20547,18.308,19.0154,0.7073999999999998,3.863884640594284,Cycle-Aware Planner
20548,16.1538,16.2789,0.12509999999999977,0.7744307840879427,Cycle-Aware Planner
20549,16.7885,17.3985,0.6099999999999994,3.6334395568395017,Cycle-Aware Planner
20550,17.5743,17.197,-0.37730000000000175,-2.1468849399407186,Lookahead Planner
20551,21.3392,20.9757,-0.36350000000000193,-1.7034378046037468,Lookahead Planner
20552,19.5588,18.907,-0.6518000000000015,-3.3325152872364483,Lookahead Planner
20553,19.0078,19.4578,0.4499999999999993,2.3674491524531938,Cycle-Aware Planner
20554,21.7561,21.3588,-0.3973000000000013,-1.8261545037943416,Lookahead Planner
20555,21.342,20.6702,-0.6717999999999975,-3.1477837128666364,Lookahead Planner
20556,21.3639,21.4052,0.04129999999999967,0.19331676332505765,Cycle-Aware Planner
20557,17.6789,17.9856,0.30670000000000286,1.734836443443899,Cycle-Aware Planner
20558,20.7496,19.6467,-1.1029000000000018,-5.315283186181907,Lookahead Planner
20559,18.4538,18.0685,-0.38530000000000086,-2.0879168518137203,Lookahead Planner
20560,20.4988,20.4601,-0.038699999999998624,-0.18879153901690815,Lookahead Planner
20561,18.8195,18.6091,-0.21039999999999992,-1.1179893195887192,Lookahead Planner
20562,17.0573,18.6984,1.641099999999998,9.6211006431264,Cycle-Aware Planner
20563,18.7402,18.5191,-0.22109999999999985,-1.179816650836174,Lookahead Planner
20564,23.7158,16.0837,-7.632100000000001,-32.18149925366212,Lookahead Planner
20565,21.1919,21.473,0.2810999999999986,1.326450200312368,Cycle-Aware Planner
20566,19.26,19.3059,0.04589999999999961,0.2383177570093542,Cycle-Aware Planner
20567,18.522,18.5288,0.006800000000001916,0.0367130979376018,Cycle-Aware Planner
20568,15.9648,16.3594,0.3946000000000005,2.471687712968529,Cycle-Aware Planner
20569,19.3692,19.5871,0.2179000000000002,1.1249819300745534,Cycle-Aware Planner
20570,16.4398,18.1393,1.699499999999997,10.337717003856483,Cycle-Aware Planner
20571,20.5047,19.378,-1.1266999999999996,-5.494837768901761,Lookahead Planner
20572,15.553,17.1822,1.6292000000000009,10.475149488844604,Cycle-Aware Planner
20573,18.1185,17.3559,-0.7626000000000026,-4.208957695173455,Lookahead Planner
20574,23.1451,17.7221,-5.422999999999998,-23.430445321039873,Lookahead Planner
20575,20.0115,20.3901,0.3785999999999987,1.8919121505134529,Cycle-Aware Planner
20576,19.2272,19.2693,0.04210000000000136,0.21896063909461194,Cycle-Aware Planner
20577,19.8705,20.8269,0.9563999999999986,4.813165244961115,Cycle-Aware Planner
20578,20.1043,19.8466,-0.2576999999999998,-1.2818153330382054,Lookahead Planner
20579,19.1808,19.0447,-0.13610000000000255,-0.7095637303970781,Lookahead Planner
20580,18.0323,18.3187,0.28640000000000043,1.588261064866936,Cycle-Aware Planner
20581,18.9477,19.5548,0.6070999999999991,3.2040828174395797,Cycle-Aware Planner
20582,21.1756,20.9684,-0.20720000000000027,-0.9784846710364725,Lookahead Planner
20583,20.7834,20.6155,-0.1678999999999995,-0.8078562699077141,Lookahead Planner
20584,17.8978,22.5573,4.659500000000001,26.033925957380234,Cycle-Aware Planner
20585,18.2131,18.0376,-0.17549999999999955,-0.9635921397236014,Lookahead Planner
20586,17.3652,17.4184,0.053199999999996805,0.3063598461290118,Cycle-Aware Planner
20587,20.4749,19.9939,-0.48100000000000165,-2.349217822797678,Lookahead Planner
20588,21.0157,20.9366,-0.07910000000000039,-0.3763852738666862,Lookahead Planner
20589,16.9676,18.0173,1.0496999999999979,6.186496617081949,Cycle-Aware Planner
20590,21.2969,19.618,-1.6789000000000023,-7.883306960167924,Lookahead Planner
20591,15.9415,19.4194,3.4779,21.816642097669604,Cycle-Aware Planner
20592,18.8506,16.965,-1.8856000000000002,-10.002864630303543,Lookahead Planner
20593,18.3846,18.6714,0.2867999999999995,1.5600013054404283,Cycle-Aware Planner
20594,19.071,18.0109,-1.060100000000002,-5.558701693671031,Lookahead Planner
20595,17.9551,19.8901,1.9349999999999987,10.776882334267146,Cycle-Aware Planner
20596,19.0132,19.0247,0.011499999999998067,0.06048429512126585,Cycle-Aware Planner
20597,18.2928,17.7263,-0.5665000000000013,-3.096846846846857,Lookahead Planner
20598,20.0656,19.8113,-0.25430000000000064,-1.267343114584163,Lookahead Planner
20599,16.8091,17.2129,0.4038000000000004,2.402270198880374,Cycle-Aware Planner
20600,18.6481,19.5608,0.912700000000001,4.894332398474921,Cycle-Aware Planner
20601,18.6327,18.1757,-0.45700000000000074,-2.452677282412108,Lookahead Planner
20602,20.4309,21.0402,0.6092999999999975,2.982247478084643,Cycle-Aware Planner
20603,18.0296,17.7853,-0.24429999999999907,-1.3549940098504631,Lookahead Planner
20604,18.8983,19.9331,1.0348000000000006,5.475624791647937,Cycle-Aware Planner
20605,17.5089,15.7785,-1.7304000000000013,-9.882973801895044,Lookahead Planner
20606,19.3574,18.9458,-0.41159999999999997,-2.1263186171696646,Lookahead Planner
20607,18.0782,17.5202,-0.5579999999999998,-3.0865904791406162,Lookahead Planner
20608,18.6207,20.1392,1.5184999999999995,8.154902876905812,Cycle-Aware Planner
20609,20.3809,20.904,0.5230999999999995,2.5666187459827627,Cycle-Aware Planner
20610,20.9692,21.6151,0.645900000000001,3.0802319592545313,Cycle-Aware Planner
20611,17.1045,19.6517,2.5472,14.891987488672576,Cycle-Aware Planner
20612,22.5761,23.121,0.5448999999999984,2.4136143975265867,Cycle-Aware Planner
20613,18.8157,18.1106,-0.7050999999999981,-3.7474024352003754,Lookahead Planner
20614,15.9345,15.6351,-0.29940000000000033,-1.8789419184787715,Lookahead Planner
20615,15.7597,15.677,-0.08270000000000088,-0.5247561819070268,Lookahead Planner
20616,21.6155,19.3773,-2.238199999999999,-10.354606648007215,Lookahead Planner
20617,17.5251,18.4314,0.9063000000000017,5.171439820600177,Cycle-Aware Planner
20618,17.1082,17.9896,0.8813999999999993,5.151915455746359,Cycle-Aware Planner
20619,22.2745,21.019,-1.2555000000000014,-5.636490156905882,Lookahead Planner
20620,18.9732,19.1375,0.16430000000000078,0.8659582990744985,Cycle-Aware Planner
20621,18.269,18.4183,0.1493000000000002,0.8172313755542282,Cycle-Aware Planner
20622,21.47,21.521,0.05100000000000193,0.23754075454123225,Cycle-Aware Planner
20623,20.3899,19.8396,-0.5503,-2.6988852323944656,Lookahead Planner
20624,20.3688,20.3963,0.027499999999999858,0.1350104080750869,Cycle-Aware Planner
20625,19.8753,21.2639,1.3886000000000003,6.986561209138986,Cycle-Aware Planner
20626,19.7343,18.4742,-1.2601000000000013,-6.38532909705437,Lookahead Planner
20627,17.4455,18.2951,0.8496000000000024,4.870023788369515,Cycle-Aware Planner
20628,19.9348,17.8889,-2.0458999999999996,-10.262957240604365,Lookahead Planner
20629,17.3167,16.8431,-0.47360000000000113,-2.7349321752989986,Lookahead Planner
20630,19.3501,19.467,0.11689999999999756,0.604131244799766,Cycle-Aware Planner
20631,18.2355,17.8826,-0.3528999999999982,-1.9352362150749869,Lookahead Planner
20632,19.3846,20.1627,0.778100000000002,4.014011122231054,Cycle-Aware Planner
20633,16.7379,17.2287,0.4908000000000001,2.9322674887530598,Cycle-Aware Planner
20634,19.6433,18.754,-0.8892999999999986,-4.527243385785473,Lookahead Planner
20635,18.7078,18.5941,-0.11369999999999791,-0.6077678829151334,Lookahead Planner
20636,19.0654,19.7601,0.694700000000001,3.643773537402839,Cycle-Aware Planner
20637,18.1721,18.7522,0.5800999999999981,3.192256260971482,Cycle-Aware Planner
20638,16.8467,17.602,0.7553000000000019,4.483370630449901,Cycle-Aware Planner
20639,19.3374,18.8812,-0.45619999999999905,-2.3591589355342446,Lookahead Planner
20640,18.5752,16.7631,-1.8120999999999974,-9.755480425513575,Lookahead Planner
20641,20.375,20.2485,-0.12650000000000006,-0.6208588957055228,Lookahead Planner
20642,19.3172,19.5329,0.21570000000000178,1.1166214565258015,Cycle-Aware Planner
20643,19.7935,21.5306,1.737099999999998,8.77611337055093,Cycle-Aware Planner
20644,18.8133,19.0686,0.2552999999999983,1.3570187048524085,Cycle-Aware Planner
20645,20.2254,21.0863,0.8609000000000009,4.256528919081948,Cycle-Aware Planner
20646,19.7978,20.5489,0.751100000000001,3.793855882976893,Cycle-Aware Planner
20647,16.5244,17.5957,1.0713000000000008,6.483140083754946,Cycle-Aware Planner
20648,17.7335,18.81,1.0764999999999993,6.070431668875287,Cycle-Aware Planner
20649,18.6235,18.7685,0.14499999999999957,0.7785861948613304,Cycle-Aware Planner
20650,20.4456,20.6613,0.21570000000000178,1.0549947176898833,Cycle-Aware Planner
20651,19.2694,18.1694,-1.1000000000000014,-5.708532699513224,Lookahead Planner
20652,16.2893,18.0602,1.7708999999999975,10.871553719312654,Cycle-Aware Planner
20653,17.8152,17.7149,-0.10030000000000072,-0.5630023799901296,Lookahead Planner
20654,19.0087,19.6348,0.6260999999999974,3.2937549648318853,Cycle-Aware Planner
20655,16.9979,17.255,0.25709999999999766,1.5125397843262833,Cycle-Aware Planner
20656,20.9573,19.8289,-1.1283999999999992,-5.384281372123311,Lookahead Planner
20657,17.1969,16.6634,-0.5335000000000001,-3.102303322110378,Lookahead Planner
20658,18.0393,18.3018,0.2624999999999993,1.455156242204514,Cycle-Aware Planner
20659,19.1584,19.5765,0.41809999999999903,2.182332553866706,Cycle-Aware Planner
20660,17.4192,18.9376,1.5183999999999997,8.716818223569401,Cycle-Aware Planner
20661,18.9726,19.6435,0.6708999999999996,3.5361521351844116,Cycle-Aware Planner
20662,20.4585,20.6613,0.20279999999999987,0.9912750201627629,Cycle-Aware Planner
20663,17.49,17.086,-0.4039999999999999,-2.3098913664951426,Lookahead Planner
20664,19.2534,19.813,0.5595999999999997,2.906499631233972,Cycle-Aware Planner
20665,21.4271,19.6193,-1.8078000000000003,-8.436979339247962,Lookahead Planner
20666,18.6761,20.1842,1.5080999999999989,8.075026370602,Cycle-Aware Planner
20667,15.2513,16.4232,1.1719000000000008,7.683935139955289,Cycle-Aware Planner
20668,19.9302,18.8181,-1.112099999999998,-5.579974109642638,Lookahead Planner
20669,15.1931,15.9551,0.7620000000000005,5.0154346380922865,Cycle-Aware Planner
20670,19.1915,17.434,-1.7575000000000003,-9.157700023447878,Lookahead Planner
20671,20.8748,20.2332,-0.6416000000000004,-3.0735623814359903,Lookahead Planner
20672,16.8278,17.4464,0.6186000000000007,3.676059853337943,Cycle-Aware Planner
20673,19.0323,20.6681,1.6357999999999997,8.594862418099748,Cycle-Aware Planner
20674,19.8616,20.8967,1.0351,5.211564023039439,Cycle-Aware Planner
20675,17.8769,20.0161,2.1392000000000024,11.966280507246797,Cycle-Aware Planner
20676,17.1595,17.3126,0.15309999999999846,0.8922171391940292,Cycle-Aware Planner
20677,19.8119,20.6239,0.8119999999999976,4.098546832964023,Cycle-Aware Planner
20678,20.0769,20.3295,0.25260000000000105,1.2581623657038632,Cycle-Aware Planner
20679,17.7649,19.5257,1.7607999999999997,9.911679773035598,Cycle-Aware Planner
20680,18.1223,18.5472,0.42490000000000094,2.344625130364242,Cycle-Aware Planner
20681,20.3808,19.5496,-0.831199999999999,-4.078348249332697,Lookahead Planner
20682,19.3338,20.2217,0.8878999999999984,4.592475354043168,Cycle-Aware Planner
20683,16.2932,17.5007,1.2074999999999996,7.41106719367588,Cycle-Aware Planner
20684,21.3086,20.6466,-0.661999999999999,-3.1067268614550003,Lookahead Planner
20685,17.3934,20.1703,2.7769000000000013,15.965251187231955,Cycle-Aware Planner
20686,17.7263,17.6513,-0.07499999999999929,-0.42310013934097057,Lookahead Planner
20687,16.1857,17.5049,1.3191999999999986,8.150404369288932,Cycle-Aware Planner
20688,17.8784,18.7353,0.8568999999999996,4.792934490782175,Cycle-Aware Planner
20689,17.9888,18.0458,0.05699999999999861,0.3168638263808532,Cycle-Aware Planner
20690,21.6268,20.3337,-1.293099999999999,-5.979155492259602,Lookahead Planner
20691,18.6573,18.4466,-0.21069999999999922,-1.129316674974401,Lookahead Planner
20692,15.2079,16.7612,1.5532999999999983,10.213770474555982,Cycle-Aware Planner
20693,15.4142,16.3659,0.9517000000000007,6.174177057518393,Cycle-Aware Planner
20694,17.6573,19.3822,1.7249000000000017,9.76876419384618,Cycle-Aware Planner
20695,18.7763,18.5161,-0.26019999999999754,-1.3857895325489977,Lookahead Planner
20696,16.6957,18.8374,2.1417,12.827853878543571,Cycle-Aware Planner
20697,18.125,18.5557,0.43070000000000164,2.376275862068966,Cycle-Aware Planner
20698,19.6824,18.7766,-0.9058000000000028,-4.602081047026796,Lookahead Planner
20699,19.448,20.0297,0.5816999999999979,2.9910530645824718,Cycle-Aware Planner
20700,21.5979,22.3815,0.7835999999999999,3.628130512688732,Cycle-Aware Planner
20701,18.2312,17.6501,-0.5811000000000028,-3.187393040502007,Lookahead Planner
20702,19.5163,18.0147,-1.5015999999999998,-7.694081357634386,Lookahead Planner
20703,22.9072,23.1211,0.21389999999999887,0.9337675490675323,Cycle-Aware Planner
20704,19.1847,19.3611,0.176400000000001,0.9194827127867677,Cycle-Aware Planner
20705,16.4214,16.122,-0.29939999999999856,-1.823230662428288,Lookahead Planner
20706,20.1683,19.7988,-0.3694999999999986,-1.8320830213751194,Lookahead Planner
20707,17.0646,18.1568,1.0922000000000018,6.400384421551064,Cycle-Aware Planner
20708,19.8418,19.9685,0.1266999999999996,0.6385509379189358,Cycle-Aware Planner
20709,19.467,19.3732,-0.09379999999999811,-0.48184106436532925,Lookahead Planner
20710,18.5571,18.8719,0.31480000000000175,1.6963857499286084,Cycle-Aware Planner
20711,18.4575,20.7428,2.2852999999999994,12.381416768251396,Cycle-Aware Planner
20712,19.0496,18.5597,-0.4899000000000022,-2.571707542415602,Lookahead Planner
20713,20.3349,20.6045,0.2696000000000005,1.3257994875804702,Cycle-Aware Planner
20714,20.6836,18.9844,-1.6991999999999976,-8.215204316463275,Lookahead Planner
20715,20.5902,20.6899,0.09970000000000212,0.484210935299334,Cycle-Aware Planner
20716,18.7271,18.9403,0.2132000000000005,1.1384571022742485,Cycle-Aware Planner
20717,20.9903,21.2363,0.24599999999999866,1.1719699099107528,Cycle-Aware Planner
20718,16.974,17.5291,0.5550999999999995,3.270295746435714,Cycle-Aware Planner
20719,17.0857,17.8542,0.7684999999999995,4.4979134597938675,Cycle-Aware Planner
20720,20.3661,19.9427,-0.4234000000000009,-2.078944913360936,Lookahead Planner
20721,18.3859,18.4018,0.015900000000002024,0.08647931295178157,Cycle-Aware Planner
20722,15.5889,17.6927,2.103799999999998,13.495500003207406,Cycle-Aware Planner
20723,19.4153,17.8081,-1.6071999999999989,-8.278007550746057,Lookahead Planner
20724,17.4063,19.6621,2.255799999999997,12.959675519783055,Cycle-Aware Planner
20725,18.0707,20.6333,2.5625999999999998,14.180966979696418,Cycle-Aware Planner
20726,22.3975,20.9341,-1.4634,-6.5337649291215545,Lookahead Planner
20727,20.5356,18.5607,-1.974899999999998,-9.616957868287257,Lookahead Planner
20728,19.8278,19.4781,-0.34969999999999857,-1.7636853306972955,Lookahead Planner
20729,18.575,19.5907,1.015699999999999,5.468102288021526,Cycle-Aware Planner
20730,17.9722,18.1748,0.20260000000000034,1.1272966025305697,Cycle-Aware Planner
20731,20.4402,20.9554,0.5152000000000001,2.520523282551057,Cycle-Aware Planner
20732,17.9293,20.8763,2.946999999999999,16.436782250283045,Cycle-Aware Planner
20733,17.8746,19.1513,1.2766999999999982,7.142537455383602,Cycle-Aware Planner
20734,17.9795,16.1844,-1.7951000000000015,-9.98414861369894,Lookahead Planner
20735,20.5676,20.6626,0.09500000000000242,0.4618915186993311,Cycle-Aware Planner
20736,19.3418,19.4476,0.10580000000000211,0.5470018302329738,Cycle-Aware Planner
20737,18.9618,18.6531,-0.30870000000000175,-1.628009999050728,Lookahead Planner
20738,17.1665,17.2839,0.11739999999999995,0.6838901348556803,Cycle-Aware Planner
20739,18.6111,18.2993,-0.31180000000000163,-1.6753442837876387,Lookahead Planner
20740,17.8183,18.0481,0.2298000000000009,1.2896853235157213,Cycle-Aware Planner
20741,20.8324,20.1237,-0.7087000000000003,-3.4019124056757777,Lookahead Planner
20742,19.7805,20.6128,0.8323,4.207679280099086,Cycle-Aware Planner
20743,17.8958,18.5819,0.6860999999999997,3.833860458878613,Cycle-Aware Planner
20744,19.2277,18.917,-0.3106999999999971,-1.615897897304397,Lookahead Planner
20745,18.8402,20.1924,1.3521999999999998,7.177206186770846,Cycle-Aware Planner
20746,17.6767,17.6241,-0.052600000000001756,-0.29756685354167534,Lookahead Planner
20747,19.453,19.0442,-0.4087999999999994,-2.1014753508456274,Lookahead Planner
20748,18.8196,21.2422,2.422599999999999,12.872749686497054,Cycle-Aware Planner
20749,19.103,20.649,1.5459999999999994,8.092969690624496,Cycle-Aware Planner
20750,19.2246,18.0114,-1.2132000000000005,-6.310664461159144,Lookahead Planner
20751,16.3126,17.4081,1.0955000000000013,6.715667643416756,Cycle-Aware Planner
20752,19.1783,19.3124,0.1341000000000001,0.6992277730559993,Cycle-Aware Planner
20753,17.5763,18.036,0.45970000000000155,2.6154537644441644,Cycle-Aware Planner
20754,20.8947,20.495,-0.3996999999999993,-1.9129252872738034,Lookahead Planner
20755,17.996,17.9958,-0.00019999999999953388,-0.0011113580795751865,Lookahead Planner
20756,17.3855,16.9136,-0.47190000000000154,-2.714330907940532,Lookahead Planner
20757,20.0049,20.1468,0.1418999999999997,0.7093262150773105,Cycle-Aware Planner
20758,18.1054,18.3117,0.20629999999999882,1.1394390623791661,Cycle-Aware Planner
20759,19.4604,19.4497,-0.010699999999999932,-0.05498345357751733,Lookahead Planner
20760,18.8647,18.4663,-0.39839999999999876,-2.111880920449294,Lookahead Planner
20761,19.4656,18.8574,-0.6082000000000001,-3.1244862732204504,Lookahead Planner
20762,20.5914,20.1965,-0.3948999999999998,-1.9177909224239231,Lookahead Planner
20763,18.7779,20.6498,1.8719000000000001,9.968633340256371,Cycle-Aware Planner
20764,18.5309,16.2636,-2.2672999999999988,-12.235239518857687,Lookahead Planner
20765,16.8169,16.8439,0.027000000000001023,0.16055277726574335,Cycle-Aware Planner
20766,17.5842,18.914,1.3298000000000023,7.562470854517134,Cycle-Aware Planner
20767,19.6526,16.6653,-2.987300000000001,-15.200533262774396,Lookahead Planner
20768,19.8966,19.7568,-0.13980000000000103,-0.7026326105967873,Lookahead Planner
20769,19.3584,20.1853,0.826900000000002,4.271530705016957,Cycle-Aware Planner
20770,18.5962,21.0234,2.427199999999999,13.052128929566242,Cycle-Aware Planner
20771,20.4839,17.0881,-3.3957999999999977,-16.57789776360946,Lookahead Planner
20772,18.8222,18.6853,-0.13689999999999714,-0.7273326178661166,Lookahead Planner
20773,18.6267,18.5978,-0.028900000000000148,-0.15515362356187667,Lookahead Planner
20774,19.0904,18.6058,-0.48460000000000036,-2.538448644344804,Lookahead Planner
20775,19.6481,19.9973,0.34919999999999973,1.7772710847359319,Cycle-Aware Planner
20776,18.2671,18.1749,-0.09219999999999828,-0.5047325519650037,Lookahead Planner
20777,17.0956,18.7248,1.6291999999999973,9.529937527784904,Cycle-Aware Planner
20778,17.359,17.8643,0.5052999999999983,2.910881963246714,Cycle-Aware Planner
20779,17.7605,18.5738,0.8132999999999981,4.5792629712001265,Cycle-Aware Planner
20780,18.5471,17.6912,-0.8559000000000019,-4.6147376139666125,Lookahead Planner
20781,17.6681,17.5741,-0.09399999999999764,-0.5320323068128352,Lookahead Planner
20782,18.8056,19.3179,0.5123000000000033,2.7241885395839605,Cycle-Aware Planner
20783,18.6052,17.528,-1.0772000000000013,-5.789779201513568,Lookahead Planner
20784,17.3587,18.4933,1.1346000000000025,6.536203747976543,Cycle-Aware Planner
20785,18.9894,19.2443,0.25489999999999924,1.3423278249971027,Cycle-Aware Planner
20786,17.0403,18.1705,1.130200000000002,6.632512338397811,Cycle-Aware Planner
20787,19.7119,19.6477,-0.06419999999999959,-0.3256915873152799,Lookahead Planner
20788,15.2777,16.4391,1.1614000000000004,7.601929609823466,Cycle-Aware Planner
20789,20.5212,20.3165,-0.204699999999999,-0.9975050191996515,Lookahead Planner
20790,17.1625,19.4759,2.313399999999998,13.47938820101966,Cycle-Aware Planner
20791,20.0861,19.2625,-0.823599999999999,-4.100348001852028,Lookahead Planner
20792,19.8901,20.1806,0.290499999999998,1.4605255881066315,Cycle-Aware Planner
20793,20.023,17.3403,-2.6827000000000005,-13.398092193976929,Lookahead Planner
20794,18.8568,18.5757,-0.2810999999999986,-1.4907089219803882,Lookahead Planner
20795,17.3409,18.5219,1.1809999999999974,6.810488498290157,Cycle-Aware Planner
20796,18.2149,17.5821,-0.6327999999999996,-3.4740789134170336,Lookahead Planner
20797,16.16,16.1124,-0.0475999999999992,-0.29455445544553926,Lookahead Planner
20798,16.8198,18.1463,1.3264999999999993,7.886538484405281,Cycle-Aware Planner
20799,17.3736,18.5622,1.188600000000001,6.841414560022119,Cycle-Aware Planner
20800,20.9143,20.4607,-0.45360000000000156,-2.16885097756081,Lookahead Planner
20801,16.8835,17.3579,0.47439999999999927,2.8098439304646394,Cycle-Aware Planner
20802,17.1004,17.4408,0.3403999999999989,1.9905967111880418,Cycle-Aware Planner
20803,17.1234,16.8371,-0.28630000000000067,-1.671981031804437,Lookahead Planner
20804,19.037,18.8262,-0.210799999999999,-1.1073173294111394,Lookahead Planner
20805,20.5018,20.8995,0.3977000000000004,1.9398296734920883,Cycle-Aware Planner
20806,18.962,17.9328,-1.0291999999999994,-5.427697500263684,Lookahead Planner
20807,21.7677,16.4794,-5.288300000000003,-24.294252493373225,Lookahead Planner
20808,16.657,18.2139,1.5568999999999988,9.346821156270636,Cycle-Aware Planner
20809,18.9449,19.3405,0.3955999999999982,2.0881609298544657,Cycle-Aware Planner
20810,19.0839,18.5342,-0.5497000000000014,-2.8804384847960884,Lookahead Planner
20811,21.6588,21.6634,0.0045999999999999375,0.02123848043289467,Cycle-Aware Planner
20812,18.8951,17.6381,-1.256999999999998,-6.65251837778047,Lookahead Planner
20813,17.4621,19.7549,2.2927999999999997,13.130150440095978,Cycle-Aware Planner
20814,19.7334,19.7419,0.008500000000001506,0.043074178803448326,Cycle-Aware Planner
20815,21.4348,20.4933,-0.9414999999999978,-4.392389945322551,Lookahead Planner
20816,18.7628,19.2649,0.5021000000000022,2.676039823480525,Cycle-Aware Planner
20817,17.8164,19.1194,1.3029999999999973,7.31348645068588,Cycle-Aware Planner
20818,19.9037,17.02,-2.883700000000001,-14.48826097660234,Lookahead Planner
20819,19.4713,20.0666,0.5953000000000017,3.0573202611022365,Cycle-Aware Planner
20820,22.2192,22.3071,0.08789999999999765,0.3956038021170727,Cycle-Aware Planner
20821,17.5919,17.1479,-0.44399999999999906,-2.523888835202559,Lookahead Planner
20822,15.7604,16.6044,0.8439999999999976,5.3551940306083345,Cycle-Aware Planner
20823,20.7777,19.1813,-1.5963999999999992,-7.683237316931124,Lookahead Planner
20824,22.0469,21.8195,-0.22739999999999938,-1.0314375263642428,Lookahead Planner
20825,18.515,18.9513,0.43629999999999924,2.356467728868483,Cycle-Aware Planner
20826,21.1352,20.9812,-0.15399999999999991,-0.7286422650365276,Lookahead Planner
20827,18.7615,18.6206,-0.14090000000000202,-0.7510060496229043,Lookahead Planner
20828,18.3528,19.5042,1.1514000000000024,6.2737021054008135,Cycle-Aware Planner
20829,18.9039,18.9967,0.09280000000000044,0.4909039933558734,Cycle-Aware Planner
20830,20.0304,20.5983,0.5678999999999981,2.835190510424135,Cycle-Aware Planner
20831,17.1018,18.6097,1.5078999999999994,8.817200528599333,Cycle-Aware Planner
20832,20.0269,19.2445,-0.7824000000000026,-3.90674542740016,Lookahead Planner
20833,19.5864,17.0836,-2.5028000000000006,-12.778254298901281,Lookahead Planner
20834,17.3002,17.5177,0.21750000000000114,1.2572108992959574,Cycle-Aware Planner
20835,21.6645,20.4751,-1.1893999999999991,-5.490087470285488,Lookahead Planner
20836,20.5958,19.2243,-1.371500000000001,-6.659124675904804,Lookahead Planner
20837,18.6338,18.8443,0.2104999999999997,1.1296675932982003,Cycle-Aware Planner
20838,18.023,17.959,-0.06400000000000006,-0.3551018143483353,Lookahead Planner
20839,19.4567,19.7054,0.24869999999999948,1.2782229257787714,Cycle-Aware Planner
20840,17.98,15.4899,-2.4901,-13.849276974416014,Lookahead Planner
20841,16.7488,17.1295,0.3807000000000009,2.272998662590764,Cycle-Aware Planner
20842,21.1447,20.1285,-1.0162000000000013,-4.805932455887296,Lookahead Planner
20843,21.1606,21.4538,0.29320000000000235,1.3855939812670748,Cycle-Aware Planner
20844,19.1313,18.6788,-0.45250000000000057,-2.3652339360106245,Lookahead Planner
20845,20.5064,21.477,0.970600000000001,4.733156477977607,Cycle-Aware Planner
20846,16.5034,19.1234,2.620000000000001,15.875516560223968,Cycle-Aware Planner
20847,19.7489,19.5531,-0.19579999999999842,-0.9914476249309967,Lookahead Planner
20848,16.7594,17.1412,0.3818000000000019,2.278124515197444,Cycle-Aware Planner
20849,17.3083,17.5592,0.25090000000000146,1.4495935476043442,Cycle-Aware Planner
20850,20.5447,18.1273,-2.417399999999997,-11.766538328620024,Lookahead Planner
20851,18.0109,19.6008,1.5899,8.827432277121083,Cycle-Aware Planner
20852,22.3836,19.5217,-2.861900000000002,-12.785700244822106,Lookahead Planner
20853,17.357,17.6052,0.24820000000000064,1.429970617042109,Cycle-Aware Planner
20854,21.0216,19.5689,-1.4527,-6.910511093351602,Lookahead Planner
20855,18.3204,18.6411,0.3207000000000022,1.750507630837772,Cycle-Aware Planner
20856,18.6019,19.2945,0.6925999999999988,3.723275579376284,Cycle-Aware Planner
20857,19.3926,19.2665,-0.126100000000001,-0.6502480327547633,Lookahead Planner
20858,17.9246,18.5669,0.6422999999999988,3.583343561362584,Cycle-Aware Planner
20859,20.7508,20.2684,-0.48240000000000194,-2.324729648977397,Lookahead Planner
20860,18.4539,18.8586,0.4046999999999983,2.1930323671419005,Cycle-Aware Planner
20861,18.8924,17.675,-1.2173999999999978,-6.443861023480335,Lookahead Planner
20862,15.9549,17.0686,1.1136999999999997,6.980300722662003,Cycle-Aware Planner
20863,20.4291,22.1914,1.7623000000000033,8.626420155562432,Cycle-Aware Planner
20864,16.6048,17.2139,0.609099999999998,3.668216419348602,Cycle-Aware Planner
20865,17.0488,17.1266,0.07779999999999987,0.4563371029046026,Cycle-Aware Planner
20866,16.9601,18.0074,1.0473,6.175081514849556,Cycle-Aware Planner
20867,17.4235,17.385,-0.03849999999999909,-0.22096593680948073,Lookahead Planner
20868,18.6636,18.2037,-0.45989999999999753,-2.464154825435594,Lookahead Planner
20869,17.928,18.8371,0.9090999999999987,5.070838911200348,Cycle-Aware Planner
20870,17.1655,17.2675,0.10199999999999676,0.5942151408347973,Cycle-Aware Planner
20871,20.2248,19.7361,-0.4886999999999979,-2.416340334638656,Lookahead Planner
20872,20.2473,21.1423,0.8949999999999996,4.420342465415139,Cycle-Aware Planner
20873,20.3245,20.3496,0.025099999999998346,0.12349627297103538,Cycle-Aware Planner
20874,18.1229,18.3356,0.2126999999999981,1.173653223269988,Cycle-Aware Planner
20875,21.1778,22.1632,0.9853999999999985,4.652985673677135,Cycle-Aware Planner
20876,19.5411,18.9876,-0.5534999999999997,-2.8324915178777,Lookahead Planner
20877,18.1122,18.3498,0.23759999999999692,1.3118229701526873,Cycle-Aware Planner
20878,16.4104,16.8486,0.4382000000000019,2.67025788524351,Cycle-Aware Planner
20879,17.1157,17.6938,0.5780999999999992,3.3776006824143945,Cycle-Aware Planner
20880,19.3692,18.2911,-1.0780999999999992,-5.566053321768571,Lookahead Planner
20881,18.5403,18.0263,-0.5139999999999993,-2.7723391746627635,Lookahead Planner
20882,19.5936,19.6213,0.027700000000002944,0.14137269312430867,Cycle-Aware Planner
20883,18.8944,19.7961,0.9016999999999982,4.772313489711233,Cycle-Aware Planner
20884,17.427,17.8534,0.426400000000001,2.4467779881792717,Cycle-Aware Planner
20885,14.858,15.8435,0.9855,6.6327904159375395,Cycle-Aware Planner
20886,18.6367,18.2538,-0.3829000000000029,-2.0545482837627027,Lookahead Planner
20887,17.9108,18.2296,0.3188000000000031,1.779931661344003,Cycle-Aware Planner
20888,16.9273,16.2045,-0.7227999999999994,-4.270025343675599,Lookahead Planner
20889,17.7612,17.2088,-0.5523999999999987,-3.1101502150755467,Lookahead Planner
20890,18.686,20.4522,1.7662000000000013,9.451996146847907,Cycle-Aware Planner
20891,17.8154,17.5894,-0.2259999999999991,-1.2685653984754741,Lookahead Planner
20892,18.5121,19.418,0.905899999999999,4.893556106546515,Cycle-Aware Planner
20893,15.8433,17.7606,1.917300000000001,12.101645490522817,Cycle-Aware Planner
20894,19.7205,19.7665,0.045999999999999375,0.23325980578585703,Cycle-Aware Planner
20895,19.0664,16.3069,-2.7595000000000027,-14.473104518944336,Lookahead Planner
20896,16.1159,15.9611,-0.15479999999999983,-0.9605420733561298,Lookahead Planner
20897,16.8397,18.1294,1.2896999999999998,7.658687506309492,Cycle-Aware Planner
20898,18.0185,18.7341,0.715600000000002,3.9714737630768493,Cycle-Aware Planner
20899,17.5885,18.4305,0.8419999999999987,4.78721892145435,Cycle-Aware Planner
20900,17.7069,17.5566,-0.15030000000000143,-0.8488216457991027,Lookahead Planner
20901,19.4032,19.6392,0.23600000000000065,1.2162942195101945,Cycle-Aware Planner
20902,19.0161,19.0605,0.04439999999999955,0.23348636155677838,Cycle-Aware Planner
20903,20.1357,20.2712,0.1355000000000004,0.6729341418475698,Cycle-Aware Planner
20904,22.2615,22.3875,0.12599999999999767,0.5659995957145725,Cycle-Aware Planner
20905,19.4177,17.1878,-2.2299000000000007,-11.483852361505232,Lookahead Planner
20906,18.7673,20.642,1.8747000000000007,9.98918331352938,Cycle-Aware Planner
20907,18.322,18.024,-0.29799999999999827,-1.6264599934504909,Lookahead Planner
20908,16.6681,17.225,0.5569000000000024,3.3411126643108746,Cycle-Aware Planner
20909,20.8039,20.1872,-0.616699999999998,-2.964348030898045,Lookahead Planner
20910,17.9566,17.9965,0.03989999999999938,0.2222024213937912,Cycle-Aware Planner
20911,17.5203,18.5895,1.0692000000000021,6.102635228848841,Cycle-Aware Planner
20912,18.0116,18.3757,0.364099999999997,2.021475049412591,Cycle-Aware Planner
20913,16.1252,15.717,-0.408199999999999,-2.5314414704933785,Lookahead Planner
20914,19.3538,19.1114,-0.24239999999999995,-1.2524672157405825,Lookahead Planner
20915,17.4071,16.6495,-0.7576,-4.352247071597226,Lookahead Planner
20916,19.0315,19.4624,0.4308999999999976,2.2641410293460673,Cycle-Aware Planner
20917,17.8532,18.0381,0.18489999999999895,1.0356686756435751,Cycle-Aware Planner
20918,21.435,21.5513,0.11630000000000251,0.5425705621646904,Cycle-Aware Planner
20919,18.8024,19.2805,0.4781000000000013,2.5427604986597574,Cycle-Aware Planner
20920,17.3039,17.8359,0.532,3.0744514242454057,Cycle-Aware Planner
20921,17.1282,19.5144,2.3861999999999988,13.931411356709988,Cycle-Aware Planner
20922,20.7203,18.7732,-1.9471000000000025,-9.397064714313997,Lookahead Planner
20923,20.2111,20.0736,-0.1374999999999993,-0.680319230521842,Lookahead Planner
20924,16.7027,16.9524,0.2497000000000007,1.494967879444653,Cycle-Aware Planner
20925,17.3224,16.9195,-0.4028999999999989,-2.325890176880796,Lookahead Planner
20926,18.4406,16.4144,-2.0261999999999993,-10.987711896576025,Lookahead Planner
20927,20.5236,20.2617,-0.26189999999999714,-1.2760919136993398,Lookahead Planner
20928,19.5286,19.746,0.21739999999999782,1.1132390442735174,Cycle-Aware Planner
20929,19.5951,19.4235,-0.17159999999999798,-0.8757291363657105,Lookahead Planner
20930,17.5599,22.3464,4.7865,27.258127893666817,Cycle-Aware Planner
20931,18.3647,18.9701,0.6053999999999995,3.296541734958902,Cycle-Aware Planner
20932,19.28,18.9737,-0.30630000000000024,-1.58869294605809,Lookahead Planner
20933,17.3998,17.9976,0.5977999999999994,3.435671674387053,Cycle-Aware Planner
20934,21.1984,18.303,-2.8953999999999986,-13.658578005887234,Lookahead Planner
20935,18.3499,20.9138,2.5638999999999967,13.9722832277015,Cycle-Aware Planner
20936,18.3566,18.5236,0.16699999999999804,0.9097545297059195,Cycle-Aware Planner
20937,18.8932,19.3325,0.43929999999999936,2.325175195308371,Cycle-Aware Planner
20938,18.4238,18.576,0.15220000000000056,0.8261053637143245,Cycle-Aware Planner
20939,20.1559,19.8857,-0.2701999999999991,-1.340550409557495,Lookahead Planner
20940,18.2732,19.0039,0.7307000000000023,3.998752271085526,Cycle-Aware Planner
20941,20.5725,20.1706,-0.40190000000000126,-1.953578806659384,Lookahead Planner
20942,18.4465,19.5852,1.1387,6.172986745453057,Cycle-Aware Planner
20943,18.7952,18.474,-0.32120000000000104,-1.7089469651826006,Lookahead Planner
20944,16.4705,17.0498,0.5792999999999999,3.5171974135575823,Cycle-Aware Planner
20945,15.9393,18.4937,2.554400000000001,16.025797870671866,Cycle-Aware Planner
20946,16.8373,17.3994,0.5621000000000009,3.338421243310985,Cycle-Aware Planner
20947,20.1178,19.186,-0.9317999999999991,-4.631719174064752,Lookahead Planner
20948,18.0576,18.0366,-0.021000000000000796,-0.11629452418926434,Lookahead Planner
20949,19.0662,19.3475,0.28130000000000166,1.4753857611899734,Cycle-Aware Planner
20950,19.9095,20.8514,0.9419000000000004,4.730907355784919,Cycle-Aware Planner
20951,20.5985,21.1322,0.5336999999999996,2.590965361555453,Cycle-Aware Planner
20952,21.4246,22.121,0.696399999999997,3.250469086937424,Cycle-Aware Planner
20953,20.4168,20.3296,-0.08719999999999928,-0.4270992515967187,Lookahead Planner
20954,20.1082,20.1991,0.09090000000000131,0.45205438577298196,Cycle-Aware Planner
20955,19.7249,19.2835,-0.44140000000000157,-2.2377806731593175,Lookahead Planner
20956,21.2727,19.6975,-1.5751999999999988,-7.404795818114296,Lookahead Planner
20957,19.2599,19.5956,0.3357000000000028,1.7429997040483203,Cycle-Aware Planner
20958,19.8266,18.8354,-0.9911999999999992,-4.999344315212895,Lookahead Planner
20959,18.5992,19.7246,1.125399999999999,6.050797883779935,Cycle-Aware Planner
20960,19.457,19.5776,0.1205999999999996,0.6198283394151183,Cycle-Aware Planner
20961,18.6992,18.5842,-0.11500000000000199,-0.6149995721742241,Lookahead Planner
20962,20.1819,20.2946,0.11270000000000024,0.558421159553868,Cycle-Aware Planner
20963,17.9693,18.1069,0.13759999999999906,0.7657504744202459,Cycle-Aware Planner
20964,19.4026,19.2763,-0.12630000000000052,-0.6509436879593489,Lookahead Planner
20965,21.5742,21.2281,-0.34609999999999985,-1.6042309795959997,Lookahead Planner
20966,21.5114,22.232,0.720600000000001,3.3498517065370104,Cycle-Aware Planner
20967,16.4004,16.6273,0.22690000000000055,1.3835028413941242,Cycle-Aware Planner
20968,19.115,18.9996,-0.1153999999999975,-0.6037143604498918,Lookahead Planner
20969,19.1656,19.8259,0.6602999999999994,3.4452352130901254,Cycle-Aware Planner
20970,16.6348,17.8386,1.203800000000001,7.236636448890277,Cycle-Aware Planner
20971,19.2471,19.7113,0.4642000000000017,2.4117919063131765,Cycle-Aware Planner
20972,17.9016,17.6527,-0.248899999999999,-1.3903785136524016,Lookahead Planner
20973,20.7781,20.6196,-0.15850000000000009,-0.7628223947329205,Lookahead Planner
20974,20.4363,21.1223,0.6859999999999999,3.356772018418197,Cycle-Aware Planner
20975,19.2899,18.2147,-1.0751999999999988,-5.573901368073441,Lookahead Planner
20976,19.4996,19.2052,-0.29439999999999955,-1.5097745594781387,Lookahead Planner
20977,17.5777,17.1883,-0.3893999999999984,-2.2153068945311327,Lookahead Planner
20978,19.5661,19.5473,-0.018799999999998818,-0.09608455440787145,Lookahead Planner
20979,18.1931,17.6405,-0.5526000000000018,-3.0374152838164026,Lookahead Planner
20980,19.6901,18.7316,-0.9585000000000008,-4.867928552927614,Lookahead Planner
20981,17.2803,18.5736,1.2932999999999986,7.484245065189832,Cycle-Aware Planner
20982,18.6014,18.6857,0.08429999999999893,0.4531916952487336,Cycle-Aware Planner
20983,20.7027,20.8066,0.10389999999999944,0.5018669062489378,Cycle-Aware Planner
20984,19.7265,19.8582,0.1316999999999986,0.667629838035122,Cycle-Aware Planner
20985,22.5761,22.7705,0.19439999999999813,0.8610876103489984,Cycle-Aware Planner
20986,17.0657,15.6667,-1.3989999999999991,-8.197729949547917,Lookahead Planner
20987,19.4644,20.036,0.5716000000000001,2.936643307782405,Cycle-Aware Planner
20988,17.915,19.1834,1.2683999999999997,7.080100474462747,Cycle-Aware Planner
20989,15.2421,15.5876,0.3454999999999995,2.2667480202859247,Cycle-Aware Planner
20990,19.6763,18.6059,-1.070400000000003,-5.440047163338646,Lookahead Planner
20991,18.266,19.2202,0.9542000000000002,5.22391328150662,Cycle-Aware Planner
20992,19.8266,18.9111,-0.915499999999998,-4.617534019952984,Lookahead Planner
20993,18.5199,18.3388,-0.1811000000000007,-0.9778670511179866,Lookahead Planner
20994,16.7769,17.1244,0.34750000000000014,2.0713004190285433,Cycle-Aware Planner
20995,18.4355,17.3927,-1.0427999999999997,-5.656477990832897,Lookahead Planner
20996,18.417,18.8279,0.41089999999999804,2.231090839984784,Cycle-Aware Planner
20997,19.5912,20.9439,1.3526999999999987,6.904630650496135,Cycle-Aware Planner
20998,19.1202,20.1653,1.045099999999998,5.465947008922489,Cycle-Aware Planner
20999,17.723,17.9233,0.20030000000000214,1.1301698358065826,Cycle-Aware Planner
21000,19.3438,19.8152,0.47139999999999915,2.436956544215718,Cycle-Aware Planner
